=== s1-mini: trying hf.co/superwhisper/s1-mini-GGUF:Q8_0 ===
[?2026h[?25l[1Gpulling manifest ⠋ [K[?25h[?2026l[?2026h[?25l[1Gpulling manifest ⠙ [K[?25h[?2026l[?2026h[?25l[1Gpulling manifest ⠹ [K[?25h[?2026l[?2026h[?25l[1Gpulling manifest ⠸ [K[?25h[?2026l[?2026h[?25l[1Gpulling manifest ⠼ [K[?25h[?2026l[?2026h[?25l[1Gpulling manifest [K[?25h[?2026l
Error: pull model manifest: 400: {"error":"The specified tag is not available in the repository. Please use another tag or \"latest\""}
--- s1-mini: hf.co/superwhisper/s1-mini-GGUF:Q8_0 failed, next candidate ---
=== s1-mini: trying hf.co/superwhisper/s1-mini-GGUF:Q4_K_M ===
[?2026h[?25l[1Gpulling manifest ⠋ [K[?25h[?2026l[?2026h[?25l[1Gpulling manifest ⠙ [K[?25h[?2026l[?2026h[?25l[1Gpulling manifest ⠹ [K[?25h[?2026l[?2026h[?25l[1Gpulling manifest ⠸ [K[?25h[?2026l[?2026h[?25l[1Gpulling manifest ⠼ [K[?25h[?2026l[?2026h[?25l[1Gpulling manifest ⠴ [K[?25h[?2026l[?2026h[?25l[1Gpulling manifest ⠦ [K[?25h[?2026l[?2026h[?25l[1Gpulling manifest ⠧ [K[?25h[?2026l[?2026h[?25l[1Gpulling manifest ⠇ [K[?25h[?2026l[?2026h[?25l[1Gpulling manifest ⠏ [K[?25h[?2026l[?2026h[?25l[1Gpulling manifest ⠋ [K[?25h[?2026l[?2026h[?25l[1Gpulling manifest ⠙ [K[?25h[?2026l[?2026h[?25l[1Gpulling manifest ⠹ [K[?25h[?2026l[?2026h[?25l[1Gpulling manifest [K
pulling 3b41ebe2502c:   0% ▕                  ▏ 296 KB/484 MB                  [K[?25h[?2026l[?2026h[?25l[A[1Gpulling manifest [K
pulling 3b41ebe2502c:   3% ▕                  ▏  15 MB/484 MB                  [K[?25h[?2026l[?2026h[?25l[A[1Gpulling manifest [K
pulling 3b41ebe2502c:   5% ▕                  ▏  23 MB/484 MB                  [K[?25h[?2026l[?2026h[?25l[A[1Gpulling manifest [K
pulling 3b41ebe2502c:   9% ▕█                 ▏  42 MB/484 MB                  [K[?25h[?2026l[?2026h[?25l[A[1Gpulling manifest [K
pulling 3b41ebe2502c:  12% ▕██                ▏  57 MB/484 MB                  [K[?25h[?2026l[?2026h[?25l[A[1Gpulling manifest [K
pulling 3b41ebe2502c:  12% ▕██                ▏  57 MB/484 MB                  [K[?25h[?2026l[?2026h[?25l[A[1Gpulling manifest [K
pulling 3b41ebe2502c:  15% ▕██                ▏  71 MB/484 MB                  [K[?25h[?2026l[?2026h[?25l[A[1Gpulling manifest [K
pulling 3b41ebe2502c:  19% ▕███               ▏  90 MB/484 MB                  [K[?25h[?2026l[?2026h[?25l[A[1Gpulling manifest [K
pulling 3b41ebe2502c:  21% ▕███               ▏ 100 MB/484 MB                  [K[?25h[?2026l[?2026h[?25l[A[1Gpulling manifest [K
pulling 3b41ebe2502c:  25% ▕████              ▏ 120 MB/484 MB                  [K[?25h[?2026l[?2026h[?25l[A[1Gpulling manifest [K
pulling 3b41ebe2502c:  26% ▕████              ▏ 124 MB/484 MB  124 MB/s      2s[K[?25h[?2026l[?2026h[?25l[A[1Gpulling manifest [K
pulling 3b41ebe2502c:  28% ▕█████             ▏ 135 MB/484 MB  124 MB/s      2s[K[?25h[?2026l[?2026h[?25l[A[1Gpulling manifest [K
pulling 3b41ebe2502c:  32% ▕█████             ▏ 154 MB/484 MB  124 MB/s      2s[K[?25h[?2026l[?2026h[?25l[A[1Gpulling manifest [K
pulling 3b41ebe2502c:  36% ▕██████            ▏ 174 MB/484 MB  124 MB/s      2s[K[?25h[?2026l[?2026h[?25l[A[1Gpulling manifest [K
pulling 3b41ebe2502c:  38% ▕██████            ▏ 184 MB/484 MB  124 MB/s      2s[K[?25h[?2026l[?2026h[?25l[A[1Gpulling manifest [K
pulling 3b41ebe2502c:  40% ▕███████           ▏ 193 MB/484 MB  124 MB/s      2s[K[?25h[?2026l[?2026h[?25l[A[1Gpulling manifest [K
pulling 3b41ebe2502c:  43% ▕███████           ▏ 206 MB/484 MB  124 MB/s      2s[K[?25h[?2026l[?2026h[?25l[A[1Gpulling manifest [K
pulling 3b41ebe2502c:  45% ▕████████          ▏ 215 MB/484 MB  124 MB/s      2s[K[?25h[?2026l[?2026h[?25l[A[1Gpulling manifest [K
pulling 3b41ebe2502c:  48% ▕████████          ▏ 234 MB/484 MB  124 MB/s      2s[K[?25h[?2026l[?2026h[?25l[A[1Gpulling manifest [K
pulling 3b41ebe2502c:  53% ▕█████████         ▏ 254 MB/484 MB  124 MB/s      1s[K[?25h[?2026l[?2026h[?25l[A[1Gpulling manifest [K
pulling 3b41ebe2502c:  54% ▕█████████         ▏ 260 MB/484 MB  124 MB/s      1s[K[?25h[?2026l[?2026h[?25l[A[1Gpulling manifest [K
pulling 3b41ebe2502c:  55% ▕█████████         ▏ 267 MB/484 MB  130 MB/s      1s[K[?25h[?2026l[?2026h[?25l[A[1Gpulling manifest [K
pulling 3b41ebe2502c:  59% ▕██████████        ▏ 285 MB/484 MB  130 MB/s      1s[K[?25h[?2026l[?2026h[?25l[A[1Gpulling manifest [K
pulling 3b41ebe2502c:  61% ▕██████████        ▏ 295 MB/484 MB  130 MB/s      1s[K[?25h[?2026l[?2026h[?25l[A[1Gpulling manifest [K
pulling 3b41ebe2502c:  65% ▕███████████       ▏ 313 MB/484 MB  130 MB/s      1s[K[?25h[?2026l[?2026h[?25l[A[1Gpulling manifest [K
pulling 3b41ebe2502c:  68% ▕████████████      ▏ 329 MB/484 MB  130 MB/s      1s[K[?25h[?2026l[?2026h[?25l[A[1Gpulling manifest [K
pulling 3b41ebe2502c:  68% ▕████████████      ▏ 329 MB/484 MB  130 MB/s      1s[K[?25h[?2026l[?2026h[?25l[A[1Gpulling manifest [K
pulling 3b41ebe2502c:  72% ▕████████████      ▏ 346 MB/484 MB  130 MB/s      1s[K[?25h[?2026l[?2026h[?25l[A[1Gpulling manifest [K
pulling 3b41ebe2502c:  76% ▕█████████████     ▏ 365 MB/484 MB  130 MB/s      0s[K[?25h[?2026l[?2026h[?25l[A[1Gpulling manifest [K
pulling 3b41ebe2502c:  78% ▕█████████████     ▏ 375 MB/484 MB  130 MB/s      0s[K[?25h[?2026l[?2026h[?25l[A[1Gpulling manifest [K
pulling 3b41ebe2502c:  81% ▕██████████████    ▏ 394 MB/484 MB  130 MB/s      0s[K[?25h[?2026l[?2026h[?25l[A[1Gpulling manifest [K
pulling 3b41ebe2502c:  83% ▕██████████████    ▏ 399 MB/484 MB  132 MB/s      0s[K[?25h[?2026l[?2026h[?25l[A[1Gpulling manifest [K
pulling 3b41ebe2502c:  84% ▕███████████████   ▏ 407 MB/484 MB  132 MB/s      0s[K[?25h[?2026l[?2026h[?25l[A[1Gpulling manifest [K
pulling 3b41ebe2502c:  88% ▕███████████████   ▏ 427 MB/484 MB  132 MB/s      0s[K[?25h[?2026l[?2026h[?25l[A[1Gpulling manifest [K
pulling 3b41ebe2502c:  92% ▕████████████████  ▏ 446 MB/484 MB  132 MB/s      0s[K[?25h[?2026l[?2026h[?25l[A[1Gpulling manifest [K
pulling 3b41ebe2502c:  94% ▕████████████████  ▏ 455 MB/484 MB  132 MB/s      0s[K[?25h[?2026l[?2026h[?25l[A[1Gpulling manifest [K
pulling 3b41ebe2502c:  96% ▕█████████████████ ▏ 463 MB/484 MB  132 MB/s      0s[K[?25h[?2026l[?2026h[?25l[A[1Gpulling manifest [K
pulling 3b41ebe2502c:  98% ▕█████████████████ ▏ 475 MB/484 MB  132 MB/s      0s[K[?25h[?2026l[?2026h[?25l[A[1Gpulling manifest [K
pulling 3b41ebe2502c: 100% ▕██████████████████▏ 484 MB                         [K[?25h[?2026l[?2026h[?25l[A[1Gpulling manifest [K
pulling 3b41ebe2502c: 100% ▕██████████████████▏ 484 MB                         [K[?25h[?2026l[?2026h[?25l[A[1Gpulling manifest [K
pulling 3b41ebe2502c: 100% ▕██████████████████▏ 484 MB                         [K[?25h[?2026l[?2026h[?25l[A[1Gpulling manifest [K
pulling 3b41ebe2502c: 100% ▕██████████████████▏ 484 MB                         [K[?25h[?2026l[?2026h[?25l[A[1Gpulling manifest [K
pulling 3b41ebe2502c: 100% ▕██████████████████▏ 484 MB                         [K[?25h[?2026l[?2026h[?25l[A[1Gpulling manifest [K
pulling 3b41ebe2502c: 100% ▕██████████████████▏ 484 MB                         [K[?25h[?2026l[?2026h[?25l[A[1Gpulling manifest [K
pulling 3b41ebe2502c: 100% ▕██████████████████▏ 484 MB                         [K[?25h[?2026l[?2026h[?25l[A[1Gpulling manifest [K
pulling 3b41ebe2502c: 100% ▕██████████████████▏ 484 MB                         [K[?25h[?2026l[?2026h[?25l[A[1Gpulling manifest [K
pulling 3b41ebe2502c: 100% ▕██████████████████▏ 484 MB                         [K[?25h[?2026l[?2026h[?25l[A[1Gpulling manifest [K
pulling 3b41ebe2502c: 100% ▕██████████████████▏ 484 MB                         [K[?25h[?2026l[?2026h[?25l[A[1Gpulling manifest [K
pulling 3b41ebe2502c: 100% ▕██████████████████▏ 484 MB                         [K[?25h[?2026l[?2026h[?25l[A[1Gpulling manifest [K
pulling 3b41ebe2502c: 100% ▕██████████████████▏ 484 MB                         [K[?25h[?2026l[?2026h[?25l[A[1Gpulling manifest [K
pulling 3b41ebe2502c: 100% ▕██████████████████▏ 484 MB                         [K[?25h[?2026l[?2026h[?25l[A[1Gpulling manifest [K
pulling 3b41ebe2502c: 100% ▕██████████████████▏ 484 MB                         [K[?25h[?2026l[?2026h[?25l[A[1Gpulling manifest [K
pulling 3b41ebe2502c: 100% ▕██████████████████▏ 484 MB                         [K[?25h[?2026l[?2026h[?25l[A[1Gpulling manifest [K
pulling 3b41ebe2502c: 100% ▕██████████████████▏ 484 MB                         [K[?25h[?2026l[?2026h[?25l[A[1Gpulling manifest [K
pulling 3b41ebe2502c: 100% ▕██████████████████▏ 484 MB                         [K[?25h[?2026l[?2026h[?25l[A[1Gpulling manifest [K
pulling 3b41ebe2502c: 100% ▕██████████████████▏ 484 MB                         [K[?25h[?2026l[?2026h[?25l[A[1Gpulling manifest [K
pulling 3b41ebe2502c: 100% ▕██████████████████▏ 484 MB                         [K[?25h[?2026l[?2026h[?25l[A[1Gpulling manifest [K
pulling 3b41ebe2502c: 100% ▕██████████████████▏ 484 MB                         [K[?25h[?2026l[?2026h[?25l[A[1Gpulling manifest [K
pulling 3b41ebe2502c: 100% ▕██████████████████▏ 484 MB                         [K[?25h[?2026l[?2026h[?25l[A[1Gpulling manifest [K
pulling 3b41ebe2502c: 100% ▕██████████████████▏ 484 MB                         [K[?25h[?2026l[?2026h[?25l[A[1Gpulling manifest [K
pulling 3b41ebe2502c: 100% ▕██████████████████▏ 484 MB                         [K[?25h[?2026l[?2026h[?25l[A[1Gpulling manifest [K
pulling 3b41ebe2502c: 100% ▕██████████████████▏ 484 MB                         [K[?25h[?2026l[?2026h[?25l[A[1Gpulling manifest [K
pulling 3b41ebe2502c: 100% ▕██████████████████▏ 484 MB                         [K[?25h[?2026l[?2026h[?25l[A[1Gpulling manifest [K
pulling 3b41ebe2502c: 100% ▕██████████████████▏ 484 MB                         [K[?25h[?2026l[?2026h[?25l[A[1Gpulling manifest [K
pulling 3b41ebe2502c: 100% ▕██████████████████▏ 484 MB                         [K[?25h[?2026l[?2026h[?25l[A[1Gpulling manifest [K
pulling 3b41ebe2502c: 100% ▕██████████████████▏ 484 MB                         [K[?25h[?2026l[?2026h[?25l[A[1Gpulling manifest [K
pulling 3b41ebe2502c: 100% ▕██████████████████▏ 484 MB                         [K[?25h[?2026l[?2026h[?25l[A[1Gpulling manifest [K
pulling 3b41ebe2502c: 100% ▕██████████████████▏ 484 MB                         [K[?25h[?2026l[?2026h[?25l[A[1Gpulling manifest [K
pulling 3b41ebe2502c: 100% ▕██████████████████▏ 484 MB                         [K[?25h[?2026l[?2026h[?25l[A[1Gpulling manifest [K
pulling 3b41ebe2502c: 100% ▕██████████████████▏ 484 MB                         [K[?25h[?2026l[?2026h[?25l[A[1Gpulling manifest [K
pulling 3b41ebe2502c: 100% ▕██████████████████▏ 484 MB                         [K[?25h[?2026l[?2026h[?25l[A[1Gpulling manifest [K
pulling 3b41ebe2502c: 100% ▕██████████████████▏ 484 MB                         [K[?25h[?2026l[?2026h[?25l[A[1Gpulling manifest [K
pulling 3b41ebe2502c: 100% ▕██████████████████▏ 484 MB                         [K[?25h[?2026l[?2026h[?25l[A[1Gpulling manifest [K
pulling 3b41ebe2502c: 100% ▕██████████████████▏ 484 MB                         [K[?25h[?2026l[?2026h[?25l[A[1Gpulling manifest [K
pulling 3b41ebe2502c: 100% ▕██████████████████▏ 484 MB                         [K[?25h[?2026l[?2026h[?25l[A[1Gpulling manifest [K
pulling 3b41ebe2502c: 100% ▕██████████████████▏ 484 MB                         [K[?25h[?2026l[?2026h[?25l[A[1Gpulling manifest [K
pulling 3b41ebe2502c: 100% ▕██████████████████▏ 484 MB                         [K[?25h[?2026l[?2026h[?25l[A[1Gpulling manifest [K
pulling 3b41ebe2502c: 100% ▕██████████████████▏ 484 MB                         [K[?25h[?2026l[?2026h[?25l[A[1Gpulling manifest [K
pulling 3b41ebe2502c: 100% ▕██████████████████▏ 484 MB                         [K[?25h[?2026l[?2026h[?25l[A[1Gpulling manifest [K
pulling 3b41ebe2502c: 100% ▕██████████████████▏ 484 MB                         [K[?25h[?2026l[?2026h[?25l[A[1Gpulling manifest [K
pulling 3b41ebe2502c: 100% ▕██████████████████▏ 484 MB                         [K
verifying sha256 digest ⠋ [K[?25h[?2026l[?2026h[?25l[A[A[1Gpulling manifest [K
pulling 3b41ebe2502c: 100% ▕██████████████████▏ 484 MB                         [K
verifying sha256 digest ⠙ [K[?25h[?2026l[?2026h[?25l[A[A[1Gpulling manifest [K
pulling 3b41ebe2502c: 100% ▕██████████████████▏ 484 MB                         [K
verifying sha256 digest [K
writing manifest [K
success [K[?25h[?2026l
=== ornith-9b: trying hf.co/ornith-ai/Ornith-1.5-9B-GGUF:Q4_K_M ===
[?2026h[?25l[1Gpulling manifest ⠙ [K[?25h[?2026l[?2026h[?25l[1Gpulling manifest ⠙ [K[?25h[?2026l[?2026h[?25l[1Gpulling manifest ⠹ [K[?25h[?2026l[?2026h[?25l[1Gpulling manifest ⠸ [K[?25h[?2026l[?2026h[?25l[1Gpulling manifest ⠼ [K[?25h[?2026l[?2026h[?25l[1Gpulling manifest ⠴ [K[?25h[?2026l[?2026h[?25l[1Gpulling manifest ⠦ [K[?25h[?2026l[?2026h[?25l[1Gpulling manifest ⠧ [K[?25h[?2026l[?2026h[?25l[1Gpulling manifest ⠇ [K[?25h[?2026l[?2026h[?25l[1Gpulling manifest ⠏ [K[?25h[?2026l[?2026h[?25l[1Gpulling manifest ⠋ [K[?25h[?2026l[?2026h[?25l[1Gpulling manifest [K
pulling 70c112196e0b:   0% ▕                  ▏ 1.0 MB/5.8 GB                  [K[?25h[?2026l[?2026h[?25l[A[1Gpulling manifest [K
pulling 70c112196e0b:   0% ▕                  ▏  18 MB/5.8 GB                  [K[?25h[?2026l[?2026h[?25l[A[1Gpulling manifest [K
pulling 70c112196e0b:   0% ▕                  ▏  26 MB/5.8 GB                  [K[?25h[?2026l[?2026h[?25l[A[1Gpulling manifest [K
pulling 70c112196e0b:   1% ▕                  ▏  45 MB/5.8 GB                  [K[?25h[?2026l[?2026h[?25l[A[1Gpulling manifest [K
pulling 70c112196e0b:   1% ▕                  ▏  63 MB/5.8 GB                  [K[?25h[?2026l[?2026h[?25l[A[1Gpulling manifest [K
pulling 70c112196e0b:   1% ▕                  ▏  64 MB/5.8 GB                  [K[?25h[?2026l[?2026h[?25l[A[1Gpulling manifest [K
pulling 70c112196e0b:   1% ▕                  ▏  76 MB/5.8 GB                  [K[?25h[?2026l[?2026h[?25l[A[1Gpulling manifest [K
pulling 70c112196e0b:   1% ▕                  ▏  78 MB/5.8 GB                  [K[?25h[?2026l[?2026h[?25l[A[1Gpulling manifest [K
pulling 70c112196e0b:   1% ▕                  ▏  78 MB/5.8 GB                  [K[?25h[?2026l[?2026h[?25l[A[1Gpulling manifest [K
pulling 70c112196e0b:   1% ▕                  ▏  86 MB/5.8 GB                  [K[?25h[?2026l[?2026h[?25l[A[1Gpulling manifest [K
pulling 70c112196e0b:   2% ▕                  ▏  93 MB/5.8 GB   92 MB/s    1m1s[K[?25h[?2026l[?2026h[?25l[A[1Gpulling manifest [K
pulling 70c112196e0b:   2% ▕                  ▏  97 MB/5.8 GB   92 MB/s    1m1s[K[?25h[?2026l[?2026h[?25l[A[1Gpulling manifest [K
pulling 70c112196e0b:   2% ▕                  ▏ 113 MB/5.8 GB   92 MB/s    1m0s[K[?25h[?2026l[?2026h[?25l[A[1Gpulling manifest [K
pulling 70c112196e0b:   2% ▕                  ▏ 133 MB/5.8 GB   92 MB/s    1m0s[K[?25h[?2026l[?2026h[?25l[A[1Gpulling manifest [K
pulling 70c112196e0b:   2% ▕                  ▏ 142 MB/5.8 GB   92 MB/s    1m0s[K[?25h[?2026l[?2026h[?25l[A[1Gpulling manifest [K
pulling 70c112196e0b:   3% ▕                  ▏ 158 MB/5.8 GB   92 MB/s    1m0s[K[?25h[?2026l[?2026h[?25l[A[1Gpulling manifest [K
pulling 70c112196e0b:   3% ▕                  ▏ 162 MB/5.8 GB   92 MB/s    1m0s[K[?25h[?2026l[?2026h[?25l[A[1Gpulling manifest [K
pulling 70c112196e0b:   3% ▕                  ▏ 173 MB/5.8 GB   92 MB/s    1m0s[K[?25h[?2026l[?2026h[?25l[A[1Gpulling manifest [K
pulling 70c112196e0b:   3% ▕                  ▏ 192 MB/5.8 GB   92 MB/s    1m0s[K[?25h[?2026l[?2026h[?25l[A[1Gpulling manifest [K
pulling 70c112196e0b:   4% ▕                  ▏ 211 MB/5.8 GB   92 MB/s     59s[K[?25h[?2026l[?2026h[?25l[A[1Gpulling manifest [K
pulling 70c112196e0b:   4% ▕                  ▏ 220 MB/5.8 GB   92 MB/s     59s[K[?25h[?2026l[?2026h[?25l[A[1Gpulling manifest [K
pulling 70c112196e0b:   4% ▕                  ▏ 225 MB/5.8 GB  111 MB/s     49s[K[?25h[?2026l[?2026h[?25l[A[1Gpulling manifest [K
pulling 70c112196e0b:   4% ▕                  ▏ 242 MB/5.8 GB  111 MB/s     49s[K[?25h[?2026l[?2026h[?25l[A[1Gpulling manifest [K
pulling 70c112196e0b:   4% ▕                  ▏ 252 MB/5.8 GB  111 MB/s     49s[K[?25h[?2026l[?2026h[?25l[A[1Gpulling manifest [K
pulling 70c112196e0b:   5% ▕                  ▏ 272 MB/5.8 GB  111 MB/s     49s[K[?25h[?2026l[?2026h[?25l[A[1Gpulling manifest [K
pulling 70c112196e0b:   5% ▕                  ▏ 291 MB/5.8 GB  111 MB/s     49s[K[?25h[?2026l[?2026h[?25l[A[1Gpulling manifest [K
pulling 70c112196e0b:   5% ▕                  ▏ 291 MB/5.8 GB  111 MB/s     49s[K[?25h[?2026l[?2026h[?25l[A[1Gpulling manifest [K
pulling 70c112196e0b:   5% ▕                  ▏ 303 MB/5.8 GB  111 MB/s     49s[K[?25h[?2026l[?2026h[?25l[A[1Gpulling manifest [K
pulling 70c112196e0b:   6% ▕█                 ▏ 322 MB/5.8 GB  111 MB/s     48s[K[?25h[?2026l[?2026h[?25l[A[1Gpulling manifest [K
pulling 70c112196e0b:   6% ▕█                 ▏ 332 MB/5.8 GB  111 MB/s     48s[K[?25h[?2026l[?2026h[?25l[A[1Gpulling manifest [K
pulling 70c112196e0b:   6% ▕█                 ▏ 352 MB/5.8 GB  111 MB/s     48s[K[?25h[?2026l[?2026h[?25l[A[1Gpulling manifest [K
pulling 70c112196e0b:   6% ▕█                 ▏ 360 MB/5.8 GB  119 MB/s     45s[K[?25h[?2026l[?2026h[?25l[A[1Gpulling manifest [K
pulling 70c112196e0b:   6% ▕█                 ▏ 364 MB/5.8 GB  119 MB/s     45s[K[?25h[?2026l[?2026h[?25l[A[1Gpulling manifest [K
pulling 70c112196e0b:   7% ▕█                 ▏ 384 MB/5.8 GB  119 MB/s     44s[K[?25h[?2026l[?2026h[?25l[A[1Gpulling manifest [K
pulling 70c112196e0b:   7% ▕█                 ▏ 403 MB/5.8 GB  119 MB/s     44s[K[?25h[?2026l[?2026h[?25l[A[1Gpulling manifest [K
pulling 70c112196e0b:   7% ▕█                 ▏ 413 MB/5.8 GB  119 MB/s     44s[K[?25h[?2026l[?2026h[?25l[A[1Gpulling manifest [K
pulling 70c112196e0b:   7% ▕█                 ▏ 428 MB/5.8 GB  119 MB/s     44s[K[?25h[?2026l[?2026h[?25l[A[1Gpulling manifest [K
pulling 70c112196e0b:   8% ▕█                 ▏ 433 MB/5.8 GB  119 MB/s     44s[K[?25h[?2026l[?2026h[?25l[A[1Gpulling manifest [K
pulling 70c112196e0b:   8% ▕█                 ▏ 444 MB/5.8 GB  119 MB/s     44s[K[?25h[?2026l[?2026h[?25l[A[1Gpulling manifest [K
pulling 70c112196e0b:   8% ▕█                 ▏ 463 MB/5.8 GB  119 MB/s     44s[K[?25h[?2026l[?2026h[?25l[A[1Gpulling manifest [K
pulling 70c112196e0b:   8% ▕█                 ▏ 482 MB/5.8 GB  119 MB/s     44s[K[?25h[?2026l[?2026h[?25l[A[1Gpulling manifest [K
pulling 70c112196e0b:   8% ▕█                 ▏ 486 MB/5.8 GB  121 MB/s     43s[K[?25h[?2026l[?2026h[?25l[A[1Gpulling manifest [K
pulling 70c112196e0b:   9% ▕█                 ▏ 491 MB/5.8 GB  121 MB/s     43s[K[?25h[?2026l[?2026h[?25l[A[1Gpulling manifest [K
pulling 70c112196e0b:   9% ▕█                 ▏ 509 MB/5.8 GB  121 MB/s     43s[K[?25h[?2026l[?2026h[?25l[A[1Gpulling manifest [K
pulling 70c112196e0b:   9% ▕█                 ▏ 518 MB/5.8 GB  121 MB/s     43s[K[?25h[?2026l[?2026h[?25l[A[1Gpulling manifest [K
pulling 70c112196e0b:   9% ▕█                 ▏ 537 MB/5.8 GB  121 MB/s     43s[K[?25h[?2026l[?2026h[?25l[A[1Gpulling manifest [K
pulling 70c112196e0b:  10% ▕█                 ▏ 553 MB/5.8 GB  121 MB/s     43s[K[?25h[?2026l[?2026h[?25l[A[1Gpulling manifest [K
pulling 70c112196e0b:  10% ▕█                 ▏ 553 MB/5.8 GB  121 MB/s     43s[K[?25h[?2026l[?2026h[?25l[A[1Gpulling manifest [K
pulling 70c112196e0b:  10% ▕█                 ▏ 567 MB/5.8 GB  121 MB/s     42s[K[?25h[?2026l[?2026h[?25l[A[1Gpulling manifest [K
pulling 70c112196e0b:  10% ▕█                 ▏ 587 MB/5.8 GB  121 MB/s     42s[K[?25h[?2026l[?2026h[?25l[A[1Gpulling manifest [K
pulling 70c112196e0b:  10% ▕█                 ▏ 596 MB/5.8 GB  121 MB/s     42s[K[?25h[?2026l[?2026h[?25l[A[1Gpulling manifest [K
pulling 70c112196e0b:  11% ▕█                 ▏ 616 MB/5.8 GB  123 MB/s     41s[K[?25h[?2026l[?2026h[?25l[A[1Gpulling manifest [K
pulling 70c112196e0b:  11% ▕█                 ▏ 624 MB/5.8 GB  123 MB/s     41s[K[?25h[?2026l[?2026h[?25l[A[1Gpulling manifest [K
pulling 70c112196e0b:  11% ▕█                 ▏ 628 MB/5.8 GB  123 MB/s     41s[K[?25h[?2026l[?2026h[?25l[A[1Gpulling manifest [K
pulling 70c112196e0b:  11% ▕██                ▏ 649 MB/5.8 GB  123 MB/s     41s[K[?25h[?2026l[?2026h[?25l[A[1Gpulling manifest [K
pulling 70c112196e0b:  12% ▕██                ▏ 668 MB/5.8 GB  123 MB/s     41s[K[?25h[?2026l[?2026h[?25l[A[1Gpulling manifest [K
pulling 70c112196e0b:  12% ▕██                ▏ 676 MB/5.8 GB  123 MB/s     41s[K[?25h[?2026l[?2026h[?25l[A[1Gpulling manifest [K
pulling 70c112196e0b:  12% ▕██                ▏ 689 MB/5.8 GB  123 MB/s     41s[K[?25h[?2026l[?2026h[?25l[A[1Gpulling manifest [K
pulling 70c112196e0b:  12% ▕██                ▏ 698 MB/5.8 GB  123 MB/s     41s[K[?25h[?2026l[?2026h[?25l[A[1Gpulling manifest [K
pulling 70c112196e0b:  12% ▕██                ▏ 706 MB/5.8 GB  123 MB/s     41s[K[?25h[?2026l[?2026h[?25l[A[1Gpulling manifest [K
pulling 70c112196e0b:  13% ▕██                ▏ 727 MB/5.8 GB  123 MB/s     41s[K[?25h[?2026l[?2026h[?25l[A[1Gpulling manifest [K
pulling 70c112196e0b:  13% ▕██                ▏ 747 MB/5.8 GB  124 MB/s     40s[K[?25h[?2026l[?2026h[?25l[A[1Gpulling manifest [K
pulling 70c112196e0b:  13% ▕██                ▏ 753 MB/5.8 GB  124 MB/s     40s[K[?25h[?2026l[?2026h[?25l[A[1Gpulling manifest [K
pulling 70c112196e0b:  13% ▕██                ▏ 757 MB/5.8 GB  124 MB/s     40s[K[?25h[?2026l[?2026h[?25l[A[1Gpulling manifest [K
pulling 70c112196e0b:  13% ▕██                ▏ 776 MB/5.8 GB  124 MB/s     40s[K[?25h[?2026l[?2026h[?25l[A[1Gpulling manifest [K
pulling 70c112196e0b:  14% ▕██                ▏ 785 MB/5.8 GB  124 MB/s     40s[K[?25h[?2026l[?2026h[?25l[A[1Gpulling manifest [K
pulling 70c112196e0b:  14% ▕██                ▏ 803 MB/5.8 GB  124 MB/s     39s[K[?25h[?2026l[?2026h[?25l[A[1Gpulling manifest [K
pulling 70c112196e0b:  14% ▕██                ▏ 822 MB/5.8 GB  124 MB/s     39s[K[?25h[?2026l[?2026h[?25l[A[1Gpulling manifest [K
pulling 70c112196e0b:  14% ▕██                ▏ 822 MB/5.8 GB  124 MB/s     39s[K[?25h[?2026l[?2026h[?25l[A[1Gpulling manifest [K
pulling 70c112196e0b:  14% ▕██                ▏ 835 MB/5.8 GB  124 MB/s     39s[K[?25h[?2026l[?2026h[?25l[A[1Gpulling manifest [K
pulling 70c112196e0b:  15% ▕██                ▏ 853 MB/5.8 GB  124 MB/s     39s[K[?25h[?2026l[?2026h[?25l[A[1Gpulling manifest [K
pulling 70c112196e0b:  15% ▕██                ▏ 863 MB/5.8 GB  124 MB/s     39s[K[?25h[?2026l[?2026h[?25l[A[1Gpulling manifest [K
pulling 70c112196e0b:  15% ▕██                ▏ 882 MB/5.8 GB  124 MB/s     39s[K[?25h[?2026l[?2026h[?25l[A[1Gpulling manifest [K
pulling 70c112196e0b:  15% ▕██                ▏ 889 MB/5.8 GB  124 MB/s     39s[K[?25h[?2026l[?2026h[?25l[A[1Gpulling manifest [K
pulling 70c112196e0b:  15% ▕██                ▏ 893 MB/5.8 GB  124 MB/s     39s[K[?25h[?2026l[?2026h[?25l[A[1Gpulling manifest [K
pulling 70c112196e0b:  16% ▕██                ▏ 915 MB/5.8 GB  124 MB/s     39s[K[?25h[?2026l[?2026h[?25l[A[1Gpulling manifest [K
pulling 70c112196e0b:  16% ▕██                ▏ 934 MB/5.8 GB  124 MB/s     38s[K[?25h[?2026l[?2026h[?25l[A[1Gpulling manifest [K
pulling 70c112196e0b:  16% ▕██                ▏ 943 MB/5.8 GB  124 MB/s     38s[K[?25h[?2026l[?2026h[?25l[A[1Gpulling manifest [K
pulling 70c112196e0b:  17% ▕██                ▏ 958 MB/5.8 GB  124 MB/s     38s[K[?25h[?2026l[?2026h[?25l[A[1Gpulling manifest [K
pulling 70c112196e0b:  17% ▕███               ▏ 966 MB/5.8 GB  124 MB/s     38s[K[?25h[?2026l[?2026h[?25l[A[1Gpulling manifest [K
pulling 70c112196e0b:  17% ▕███               ▏ 971 MB/5.8 GB  124 MB/s     38s[K[?25h[?2026l[?2026h[?25l[A[1Gpulling manifest [K
pulling 70c112196e0b:  17% ▕███               ▏ 991 MB/5.8 GB  124 MB/s     38s[K[?25h[?2026l[?2026h[?25l[A[1Gpulling manifest [K
pulling 70c112196e0b:  17% ▕███               ▏ 1.0 GB/5.8 GB  124 MB/s     38s[K[?25h[?2026l[?2026h[?25l[A[1Gpulling manifest [K
pulling 70c112196e0b:  18% ▕███               ▏ 1.0 GB/5.8 GB  124 MB/s     38s[K[?25h[?2026l[?2026h[?25l[A[1Gpulling manifest [K
pulling 70c112196e0b:  18% ▕███               ▏ 1.0 GB/5.8 GB  124 MB/s     38s[K[?25h[?2026l[?2026h[?25l[A[1Gpulling manifest [K
pulling 70c112196e0b:  18% ▕███               ▏ 1.0 GB/5.8 GB  124 MB/s     37s[K[?25h[?2026l[?2026h[?25l[A[1Gpulling manifest [K
pulling 70c112196e0b:  18% ▕███               ▏ 1.1 GB/5.8 GB  124 MB/s     37s[K[?25h[?2026l[?2026h[?25l[A[1Gpulling manifest [K
pulling 70c112196e0b:  19% ▕███               ▏ 1.1 GB/5.8 GB  124 MB/s     37s[K[?25h[?2026l[?2026h[?25l[A[1Gpulling manifest [K
pulling 70c112196e0b:  19% ▕███               ▏ 1.1 GB/5.8 GB  124 MB/s     37s[K[?25h[?2026l[?2026h[?25l[A[1Gpulling manifest [K
pulling 70c112196e0b:  19% ▕███               ▏ 1.1 GB/5.8 GB  124 MB/s     37s[K[?25h[?2026l[?2026h[?25l[A[1Gpulling manifest [K
pulling 70c112196e0b:  19% ▕███               ▏ 1.1 GB/5.8 GB  124 MB/s     37s[K[?25h[?2026l[?2026h[?25l[A[1Gpulling manifest [K
pulling 70c112196e0b:  19% ▕███               ▏ 1.1 GB/5.8 GB  124 MB/s     37s[K[?25h[?2026l[?2026h[?25l[A[1Gpulling manifest [K
pulling 70c112196e0b:  19% ▕███               ▏ 1.1 GB/5.8 GB  125 MB/s     37s[K[?25h[?2026l[?2026h[?25l[A[1Gpulling manifest [K
pulling 70c112196e0b:  20% ▕███               ▏ 1.1 GB/5.8 GB  125 MB/s     37s[K[?25h[?2026l[?2026h[?25l[A[1Gpulling manifest [K
pulling 70c112196e0b:  20% ▕███               ▏ 1.2 GB/5.8 GB  125 MB/s     36s[K[?25h[?2026l[?2026h[?25l[A[1Gpulling manifest [K
pulling 70c112196e0b:  20% ▕███               ▏ 1.2 GB/5.8 GB  125 MB/s     36s[K[?25h[?2026l[?2026h[?25l[A[1Gpulling manifest [K
pulling 70c112196e0b:  20% ▕███               ▏ 1.2 GB/5.8 GB  125 MB/s     36s[K[?25h[?2026l[?2026h[?25l[A[1Gpulling manifest [K
pulling 70c112196e0b:  21% ▕███               ▏ 1.2 GB/5.8 GB  125 MB/s     36s[K[?25h[?2026l[?2026h[?25l[A[1Gpulling manifest [K
pulling 70c112196e0b:  21% ▕███               ▏ 1.2 GB/5.8 GB  125 MB/s     36s[K[?25h[?2026l[?2026h[?25l[A[1Gpulling manifest [K
pulling 70c112196e0b:  21% ▕███               ▏ 1.2 GB/5.8 GB  125 MB/s     36s[K[?25h[?2026l[?2026h[?25l[A[1Gpulling manifest [K
pulling 70c112196e0b:  21% ▕███               ▏ 1.2 GB/5.8 GB  125 MB/s     36s[K[?25h[?2026l[?2026h[?25l[A[1Gpulling manifest [K
pulling 70c112196e0b:  21% ▕███               ▏ 1.2 GB/5.8 GB  125 MB/s     36s[K[?25h[?2026l[?2026h[?25l[A[1Gpulling manifest [K
pulling 70c112196e0b:  22% ▕███               ▏ 1.3 GB/5.8 GB  129 MB/s     34s[K[?25h[?2026l[?2026h[?25l[A[1Gpulling manifest [K
pulling 70c112196e0b:  22% ▕███               ▏ 1.3 GB/5.8 GB  129 MB/s     34s[K[?25h[?2026l[?2026h[?25l[A[1Gpulling manifest [K
pulling 70c112196e0b:  22% ▕████              ▏ 1.3 GB/5.8 GB  129 MB/s     34s[K[?25h[?2026l[?2026h[?25l[A[1Gpulling manifest [K
pulling 70c112196e0b:  22% ▕████              ▏ 1.3 GB/5.8 GB  129 MB/s     34s[K[?25h[?2026l[?2026h[?25l[A[1Gpulling manifest [K
pulling 70c112196e0b:  23% ▕████              ▏ 1.3 GB/5.8 GB  129 MB/s     34s[K[?25h[?2026l[?2026h[?25l[A[1Gpulling manifest [K
pulling 70c112196e0b:  23% ▕████              ▏ 1.3 GB/5.8 GB  129 MB/s     34s[K[?25h[?2026l[?2026h[?25l[A[1Gpulling manifest [K
pulling 70c112196e0b:  23% ▕████              ▏ 1.3 GB/5.8 GB  129 MB/s     34s[K[?25h[?2026l[?2026h[?25l[A[1Gpulling manifest [K
pulling 70c112196e0b:  23% ▕████              ▏ 1.4 GB/5.8 GB  129 MB/s     34s[K[?25h[?2026l[?2026h[?25l[A[1Gpulling manifest [K
pulling 70c112196e0b:  23% ▕████              ▏ 1.4 GB/5.8 GB  129 MB/s     34s[K[?25h[?2026l[?2026h[?25l[A[1Gpulling manifest [K
pulling 70c112196e0b:  23% ▕████              ▏ 1.4 GB/5.8 GB  129 MB/s     34s[K[?25h[?2026l[?2026h[?25l[A[1Gpulling manifest [K
pulling 70c112196e0b:  24% ▕████              ▏ 1.4 GB/5.8 GB  127 MB/s     34s[K[?25h[?2026l[?2026h[?25l[A[1Gpulling manifest [K
pulling 70c112196e0b:  24% ▕████              ▏ 1.4 GB/5.8 GB  127 MB/s     34s[K[?25h[?2026l[?2026h[?25l[A[1Gpulling manifest [K
pulling 70c112196e0b:  24% ▕████              ▏ 1.4 GB/5.8 GB  127 MB/s     34s[K[?25h[?2026l[?2026h[?25l[A[1Gpulling manifest [K
pulling 70c112196e0b:  24% ▕████              ▏ 1.4 GB/5.8 GB  127 MB/s     34s[K[?25h[?2026l[?2026h[?25l[A[1Gpulling manifest [K
pulling 70c112196e0b:  24% ▕████              ▏ 1.4 GB/5.8 GB  127 MB/s     34s[K[?25h[?2026l[?2026h[?25l[A[1Gpulling manifest [K
pulling 70c112196e0b:  25% ▕████              ▏ 1.4 GB/5.8 GB  127 MB/s     34s[K[?25h[?2026l[?2026h[?25l[A[1Gpulling manifest [K
pulling 70c112196e0b:  25% ▕████              ▏ 1.4 GB/5.8 GB  127 MB/s     34s[K[?25h[?2026l[?2026h[?25l[A[1Gpulling manifest [K
pulling 70c112196e0b:  25% ▕████              ▏ 1.5 GB/5.8 GB  127 MB/s     33s[K[?25h[?2026l[?2026h[?25l[A[1Gpulling manifest [K
pulling 70c112196e0b:  25% ▕████              ▏ 1.5 GB/5.8 GB  127 MB/s     33s[K[?25h[?2026l[?2026h[?25l[A[1Gpulling manifest [K
pulling 70c112196e0b:  26% ▕████              ▏ 1.5 GB/5.8 GB  127 MB/s     33s[K[?25h[?2026l[?2026h[?25l[A[1Gpulling manifest [K
pulling 70c112196e0b:  26% ▕████              ▏ 1.5 GB/5.8 GB  127 MB/s     33s[K[?25h[?2026l[?2026h[?25l[A[1Gpulling manifest [K
pulling 70c112196e0b:  26% ▕████              ▏ 1.5 GB/5.8 GB  126 MB/s     33s[K[?25h[?2026l[?2026h[?25l[A[1Gpulling manifest [K
pulling 70c112196e0b:  26% ▕████              ▏ 1.5 GB/5.8 GB  126 MB/s     33s[K[?25h[?2026l[?2026h[?25l[A[1Gpulling manifest [K
pulling 70c112196e0b:  27% ▕████              ▏ 1.5 GB/5.8 GB  126 MB/s     33s[K[?25h[?2026l[?2026h[?25l[A[1Gpulling manifest [K
pulling 70c112196e0b:  27% ▕████              ▏ 1.5 GB/5.8 GB  126 MB/s     33s[K[?25h[?2026l[?2026h[?25l[A[1Gpulling manifest [K
pulling 70c112196e0b:  27% ▕████              ▏ 1.6 GB/5.8 GB  126 MB/s     33s[K[?25h[?2026l[?2026h[?25l[A[1Gpulling manifest [K
pulling 70c112196e0b:  27% ▕████              ▏ 1.6 GB/5.8 GB  126 MB/s     33s[K[?25h[?2026l[?2026h[?25l[A[1Gpulling manifest [K
pulling 70c112196e0b:  27% ▕████              ▏ 1.6 GB/5.8 GB  126 MB/s     33s[K[?25h[?2026l[?2026h[?25l[A[1Gpulling manifest [K
pulling 70c112196e0b:  28% ▕████              ▏ 1.6 GB/5.8 GB  126 MB/s     33s[K[?25h[?2026l[?2026h[?25l[A[1Gpulling manifest [K
pulling 70c112196e0b:  28% ▕████              ▏ 1.6 GB/5.8 GB  126 MB/s     33s[K[?25h[?2026l[?2026h[?25l[A[1Gpulling manifest [K
pulling 70c112196e0b:  28% ▕█████             ▏ 1.6 GB/5.8 GB  126 MB/s     32s[K[?25h[?2026l[?2026h[?25l[A[1Gpulling manifest [K
pulling 70c112196e0b:  28% ▕█████             ▏ 1.6 GB/5.8 GB  126 MB/s     32s[K[?25h[?2026l[?2026h[?25l[A[1Gpulling manifest [K
pulling 70c112196e0b:  28% ▕█████             ▏ 1.6 GB/5.8 GB  126 MB/s     32s[K[?25h[?2026l[?2026h[?25l[A[1Gpulling manifest [K
pulling 70c112196e0b:  29% ▕█████             ▏ 1.7 GB/5.8 GB  126 MB/s     32s[K[?25h[?2026l[?2026h[?25l[A[1Gpulling manifest [K
pulling 70c112196e0b:  29% ▕█████             ▏ 1.7 GB/5.8 GB  126 MB/s     32s[K[?25h[?2026l[?2026h[?25l[A[1Gpulling manifest [K
pulling 70c112196e0b:  29% ▕█████             ▏ 1.7 GB/5.8 GB  126 MB/s     32s[K[?25h[?2026l[?2026h[?25l[A[1Gpulling manifest [K
pulling 70c112196e0b:  29% ▕█████             ▏ 1.7 GB/5.8 GB  126 MB/s     32s[K[?25h[?2026l[?2026h[?25l[A[1Gpulling manifest [K
pulling 70c112196e0b:  30% ▕█████             ▏ 1.7 GB/5.8 GB  126 MB/s     32s[K[?25h[?2026l[?2026h[?25l[A[1Gpulling manifest [K
pulling 70c112196e0b:  30% ▕█████             ▏ 1.7 GB/5.8 GB  126 MB/s     32s[K[?25h[?2026l[?2026h[?25l[A[1Gpulling manifest [K
pulling 70c112196e0b:  30% ▕█████             ▏ 1.7 GB/5.8 GB  126 MB/s     31s[K[?25h[?2026l[?2026h[?25l[A[1Gpulling manifest [K
pulling 70c112196e0b:  30% ▕█████             ▏ 1.7 GB/5.8 GB  126 MB/s     31s[K[?25h[?2026l[?2026h[?25l[A[1Gpulling manifest [K
pulling 70c112196e0b:  30% ▕█████             ▏ 1.8 GB/5.8 GB  126 MB/s     31s[K[?25h[?2026l[?2026h[?25l[A[1Gpulling manifest [K
pulling 70c112196e0b:  31% ▕█████             ▏ 1.8 GB/5.8 GB  126 MB/s     31s[K[?25h[?2026l[?2026h[?25l[A[1Gpulling manifest [K
pulling 70c112196e0b:  31% ▕█████             ▏ 1.8 GB/5.8 GB  126 MB/s     31s[K[?25h[?2026l[?2026h[?25l[A[1Gpulling manifest [K
pulling 70c112196e0b:  31% ▕█████             ▏ 1.8 GB/5.8 GB  126 MB/s     31s[K[?25h[?2026l[?2026h[?25l[A[1Gpulling manifest [K
pulling 70c112196e0b:  31% ▕█████             ▏ 1.8 GB/5.8 GB  126 MB/s     31s[K[?25h[?2026l[?2026h[?25l[A[1Gpulling manifest [K
pulling 70c112196e0b:  32% ▕█████             ▏ 1.8 GB/5.8 GB  126 MB/s     31s[K[?25h[?2026l[?2026h[?25l[A[1Gpulling manifest [K
pulling 70c112196e0b:  32% ▕█████             ▏ 1.8 GB/5.8 GB  126 MB/s     31s[K[?25h[?2026l[?2026h[?25l[A[1Gpulling manifest [K
pulling 70c112196e0b:  32% ▕█████             ▏ 1.9 GB/5.8 GB  126 MB/s     30s[K[?25h[?2026l[?2026h[?25l[A[1Gpulling manifest [K
pulling 70c112196e0b:  32% ▕█████             ▏ 1.9 GB/5.8 GB  126 MB/s     30s[K[?25h[?2026l[?2026h[?25l[A[1Gpulling manifest [K
pulling 70c112196e0b:  32% ▕█████             ▏ 1.9 GB/5.8 GB  126 MB/s     30s[K[?25h[?2026l[?2026h[?25l[A[1Gpulling manifest [K
pulling 70c112196e0b:  33% ▕█████             ▏ 1.9 GB/5.8 GB  127 MB/s     30s[K[?25h[?2026l[?2026h[?25l[A[1Gpulling manifest [K
pulling 70c112196e0b:  33% ▕█████             ▏ 1.9 GB/5.8 GB  127 MB/s     30s[K[?25h[?2026l[?2026h[?25l[A[1Gpulling manifest [K
pulling 70c112196e0b:  33% ▕█████             ▏ 1.9 GB/5.8 GB  127 MB/s     30s[K[?25h[?2026l[?2026h[?25l[A[1Gpulling manifest [K
pulling 70c112196e0b:  34% ▕██████            ▏ 1.9 GB/5.8 GB  127 MB/s     30s[K[?25h[?2026l[?2026h[?25l[A[1Gpulling manifest [K
pulling 70c112196e0b:  34% ▕██████            ▏ 1.9 GB/5.8 GB  127 MB/s     30s[K[?25h[?2026l[?2026h[?25l[A[1Gpulling manifest [K
pulling 70c112196e0b:  34% ▕██████            ▏ 2.0 GB/5.8 GB  127 MB/s     30s[K[?25h[?2026l[?2026h[?25l[A[1Gpulling manifest [K
pulling 70c112196e0b:  34% ▕██████            ▏ 2.0 GB/5.8 GB  127 MB/s     29s[K[?25h[?2026l[?2026h[?25l[A[1Gpulling manifest [K
pulling 70c112196e0b:  34% ▕██████            ▏ 2.0 GB/5.8 GB  127 MB/s     29s[K[?25h[?2026l[?2026h[?25l[A[1Gpulling manifest [K
pulling 70c112196e0b:  35% ▕██████            ▏ 2.0 GB/5.8 GB  127 MB/s     29s[K[?25h[?2026l[?2026h[?25l[A[1Gpulling manifest [K
pulling 70c112196e0b:  35% ▕██████            ▏ 2.0 GB/5.8 GB  127 MB/s     29s[K[?25h[?2026l[?2026h[?25l[A[1Gpulling manifest [K
pulling 70c112196e0b:  35% ▕██████            ▏ 2.0 GB/5.8 GB  127 MB/s     29s[K[?25h[?2026l[?2026h[?25l[A[1Gpulling manifest [K
pulling 70c112196e0b:  35% ▕██████            ▏ 2.0 GB/5.8 GB  127 MB/s     29s[K[?25h[?2026l[?2026h[?25l[A[1Gpulling manifest [K
pulling 70c112196e0b:  35% ▕██████            ▏ 2.0 GB/5.8 GB  127 MB/s     29s[K[?25h[?2026l[?2026h[?25l[A[1Gpulling manifest [K
pulling 70c112196e0b:  36% ▕██████            ▏ 2.1 GB/5.8 GB  127 MB/s     29s[K[?25h[?2026l[?2026h[?25l[A[1Gpulling manifest [K
pulling 70c112196e0b:  36% ▕██████            ▏ 2.1 GB/5.8 GB  127 MB/s     29s[K[?25h[?2026l[?2026h[?25l[A[1Gpulling manifest [K
pulling 70c112196e0b:  36% ▕██████            ▏ 2.1 GB/5.8 GB  127 MB/s     29s[K[?25h[?2026l[?2026h[?25l[A[1Gpulling manifest [K
pulling 70c112196e0b:  36% ▕██████            ▏ 2.1 GB/5.8 GB  127 MB/s     28s[K[?25h[?2026l[?2026h[?25l[A[1Gpulling manifest [K
pulling 70c112196e0b:  37% ▕██████            ▏ 2.1 GB/5.8 GB  127 MB/s     28s[K[?25h[?2026l[?2026h[?25l[A[1Gpulling manifest [K
pulling 70c112196e0b:  37% ▕██████            ▏ 2.1 GB/5.8 GB  127 MB/s     28s[K[?25h[?2026l[?2026h[?25l[A[1Gpulling manifest [K
pulling 70c112196e0b:  37% ▕██████            ▏ 2.1 GB/5.8 GB  127 MB/s     28s[K[?25h[?2026l[?2026h[?25l[A[1Gpulling manifest [K
pulling 70c112196e0b:  37% ▕██████            ▏ 2.1 GB/5.8 GB  127 MB/s     28s[K[?25h[?2026l[?2026h[?25l[A[1Gpulling manifest [K
pulling 70c112196e0b:  37% ▕██████            ▏ 2.2 GB/5.8 GB  127 MB/s     28s[K[?25h[?2026l[?2026h[?25l[A[1Gpulling manifest [K
pulling 70c112196e0b:  38% ▕██████            ▏ 2.2 GB/5.8 GB  127 MB/s     28s[K[?25h[?2026l[?2026h[?25l[A[1Gpulling manifest [K
pulling 70c112196e0b:  38% ▕██████            ▏ 2.2 GB/5.8 GB  127 MB/s     28s[K[?25h[?2026l[?2026h[?25l[A[1Gpulling manifest [K
pulling 70c112196e0b:  38% ▕██████            ▏ 2.2 GB/5.8 GB  127 MB/s     27s[K[?25h[?2026l[?2026h[?25l[A[1Gpulling manifest [K
pulling 70c112196e0b:  38% ▕██████            ▏ 2.2 GB/5.8 GB  127 MB/s     27s[K[?25h[?2026l[?2026h[?25l[A[1Gpulling manifest [K
pulling 70c112196e0b:  38% ▕██████            ▏ 2.2 GB/5.8 GB  127 MB/s     27s[K[?25h[?2026l[?2026h[?25l[A[1Gpulling manifest [K
pulling 70c112196e0b:  39% ▕██████            ▏ 2.2 GB/5.8 GB  127 MB/s     27s[K[?25h[?2026l[?2026h[?25l[A[1Gpulling manifest [K
pulling 70c112196e0b:  39% ▕███████           ▏ 2.3 GB/5.8 GB  127 MB/s     27s[K[?25h[?2026l[?2026h[?25l[A[1Gpulling manifest [K
pulling 70c112196e0b:  39% ▕███████           ▏ 2.3 GB/5.8 GB  127 MB/s     27s[K[?25h[?2026l[?2026h[?25l[A[1Gpulling manifest [K
pulling 70c112196e0b:  39% ▕███████           ▏ 2.3 GB/5.8 GB  127 MB/s     27s[K[?25h[?2026l[?2026h[?25l[A[1Gpulling manifest [K
pulling 70c112196e0b:  40% ▕███████           ▏ 2.3 GB/5.8 GB  128 MB/s     27s[K[?25h[?2026l[?2026h[?25l[A[1Gpulling manifest [K
pulling 70c112196e0b:  40% ▕███████           ▏ 2.3 GB/5.8 GB  128 MB/s     27s[K[?25h[?2026l[?2026h[?25l[A[1Gpulling manifest [K
pulling 70c112196e0b:  40% ▕███████           ▏ 2.3 GB/5.8 GB  128 MB/s     26s[K[?25h[?2026l[?2026h[?25l[A[1Gpulling manifest [K
pulling 70c112196e0b:  40% ▕███████           ▏ 2.3 GB/5.8 GB  128 MB/s     26s[K[?25h[?2026l[?2026h[?25l[A[1Gpulling manifest [K
pulling 70c112196e0b:  41% ▕███████           ▏ 2.3 GB/5.8 GB  128 MB/s     26s[K[?25h[?2026l[?2026h[?25l[A[1Gpulling manifest [K
pulling 70c112196e0b:  41% ▕███████           ▏ 2.4 GB/5.8 GB  128 MB/s     26s[K[?25h[?2026l[?2026h[?25l[A[1Gpulling manifest [K
pulling 70c112196e0b:  41% ▕███████           ▏ 2.4 GB/5.8 GB  128 MB/s     26s[K[?25h[?2026l[?2026h[?25l[A[1Gpulling manifest [K
pulling 70c112196e0b:  41% ▕███████           ▏ 2.4 GB/5.8 GB  128 MB/s     26s[K[?25h[?2026l[?2026h[?25l[A[1Gpulling manifest [K
pulling 70c112196e0b:  42% ▕███████           ▏ 2.4 GB/5.8 GB  128 MB/s     26s[K[?25h[?2026l[?2026h[?25l[A[1Gpulling manifest [K
pulling 70c112196e0b:  42% ▕███████           ▏ 2.4 GB/5.8 GB  128 MB/s     26s[K[?25h[?2026l[?2026h[?25l[A[1Gpulling manifest [K
pulling 70c112196e0b:  42% ▕███████           ▏ 2.4 GB/5.8 GB  128 MB/s     26s[K[?25h[?2026l[?2026h[?25l[A[1Gpulling manifest [K
pulling 70c112196e0b:  42% ▕███████           ▏ 2.4 GB/5.8 GB  128 MB/s     26s[K[?25h[?2026l[?2026h[?25l[A[1Gpulling manifest [K
pulling 70c112196e0b:  42% ▕███████           ▏ 2.5 GB/5.8 GB  128 MB/s     25s[K[?25h[?2026l[?2026h[?25l[A[1Gpulling manifest [K
pulling 70c112196e0b:  43% ▕███████           ▏ 2.5 GB/5.8 GB  128 MB/s     25s[K[?25h[?2026l[?2026h[?25l[A[1Gpulling manifest [K
pulling 70c112196e0b:  43% ▕███████           ▏ 2.5 GB/5.8 GB  128 MB/s     25s[K[?25h[?2026l[?2026h[?25l[A[1Gpulling manifest [K
pulling 70c112196e0b:  43% ▕███████           ▏ 2.5 GB/5.8 GB  128 MB/s     25s[K[?25h[?2026l[?2026h[?25l[A[1Gpulling manifest [K
pulling 70c112196e0b:  43% ▕███████           ▏ 2.5 GB/5.8 GB  128 MB/s     25s[K[?25h[?2026l[?2026h[?25l[A[1Gpulling manifest [K
pulling 70c112196e0b:  43% ▕███████           ▏ 2.5 GB/5.8 GB  128 MB/s     25s[K[?25h[?2026l[?2026h[?25l[A[1Gpulling manifest [K
pulling 70c112196e0b:  44% ▕███████           ▏ 2.5 GB/5.8 GB  128 MB/s     25s[K[?25h[?2026l[?2026h[?25l[A[1Gpulling manifest [K
pulling 70c112196e0b:  44% ▕███████           ▏ 2.5 GB/5.8 GB  128 MB/s     25s[K[?25h[?2026l[?2026h[?25l[A[1Gpulling manifest [K
pulling 70c112196e0b:  44% ▕███████           ▏ 2.6 GB/5.8 GB  131 MB/s     24s[K[?25h[?2026l[?2026h[?25l[A[1Gpulling manifest [K
pulling 70c112196e0b:  44% ▕███████           ▏ 2.6 GB/5.8 GB  131 MB/s     24s[K[?25h[?2026l[?2026h[?25l[A[1Gpulling manifest [K
pulling 70c112196e0b:  44% ▕████████          ▏ 2.6 GB/5.8 GB  131 MB/s     24s[K[?25h[?2026l[?2026h[?25l[A[1Gpulling manifest [K
pulling 70c112196e0b:  45% ▕████████          ▏ 2.6 GB/5.8 GB  131 MB/s     24s[K[?25h[?2026l[?2026h[?25l[A[1Gpulling manifest [K
pulling 70c112196e0b:  45% ▕████████          ▏ 2.6 GB/5.8 GB  131 MB/s     24s[K[?25h[?2026l[?2026h[?25l[A[1Gpulling manifest [K
pulling 70c112196e0b:  45% ▕████████          ▏ 2.6 GB/5.8 GB  131 MB/s     24s[K[?25h[?2026l[?2026h[?25l[A[1Gpulling manifest [K
pulling 70c112196e0b:  45% ▕████████          ▏ 2.6 GB/5.8 GB  131 MB/s     24s[K[?25h[?2026l[?2026h[?25l[A[1Gpulling manifest [K
pulling 70c112196e0b:  45% ▕████████          ▏ 2.6 GB/5.8 GB  131 MB/s     24s[K[?25h[?2026l[?2026h[?25l[A[1Gpulling manifest [K
pulling 70c112196e0b:  45% ▕████████          ▏ 2.6 GB/5.8 GB  131 MB/s     24s[K[?25h[?2026l[?2026h[?25l[A[1Gpulling manifest [K
pulling 70c112196e0b:  45% ▕████████          ▏ 2.6 GB/5.8 GB  131 MB/s     24s[K[?25h[?2026l[?2026h[?25l[A[1Gpulling manifest [K
pulling 70c112196e0b:  46% ▕████████          ▏ 2.6 GB/5.8 GB  127 MB/s     24s[K[?25h[?2026l[?2026h[?25l[A[1Gpulling manifest [K
pulling 70c112196e0b:  46% ▕████████          ▏ 2.6 GB/5.8 GB  127 MB/s     24s[K[?25h[?2026l[?2026h[?25l[A[1Gpulling manifest [K
pulling 70c112196e0b:  46% ▕████████          ▏ 2.7 GB/5.8 GB  127 MB/s     24s[K[?25h[?2026l[?2026h[?25l[A[1Gpulling manifest [K
pulling 70c112196e0b:  46% ▕████████          ▏ 2.7 GB/5.8 GB  127 MB/s     24s[K[?25h[?2026l[?2026h[?25l[A[1Gpulling manifest [K
pulling 70c112196e0b:  46% ▕████████          ▏ 2.7 GB/5.8 GB  127 MB/s     24s[K[?25h[?2026l[?2026h[?25l[A[1Gpulling manifest [K
pulling 70c112196e0b:  47% ▕████████          ▏ 2.7 GB/5.8 GB  127 MB/s     24s[K[?25h[?2026l[?2026h[?25l[A[1Gpulling manifest [K
pulling 70c112196e0b:  47% ▕████████          ▏ 2.7 GB/5.8 GB  127 MB/s     24s[K[?25h[?2026l[?2026h[?25l[A[1Gpulling manifest [K
pulling 70c112196e0b:  47% ▕████████          ▏ 2.7 GB/5.8 GB  127 MB/s     24s[K[?25h[?2026l[?2026h[?25l[A[1Gpulling manifest [K
pulling 70c112196e0b:  47% ▕████████          ▏ 2.7 GB/5.8 GB  127 MB/s     23s[K[?25h[?2026l[?2026h[?25l[A[1Gpulling manifest [K
pulling 70c112196e0b:  48% ▕████████          ▏ 2.8 GB/5.8 GB  127 MB/s     23s[K[?25h[?2026l[?2026h[?25l[A[1Gpulling manifest [K
pulling 70c112196e0b:  48% ▕████████          ▏ 2.8 GB/5.8 GB  127 MB/s     23s[K[?25h[?2026l[?2026h[?25l[A[1Gpulling manifest [K
pulling 70c112196e0b:  48% ▕████████          ▏ 2.8 GB/5.8 GB  127 MB/s     23s[K[?25h[?2026l[?2026h[?25l[A[1Gpulling manifest [K
pulling 70c112196e0b:  48% ▕████████          ▏ 2.8 GB/5.8 GB  127 MB/s     23s[K[?25h[?2026l[?2026h[?25l[A[1Gpulling manifest [K
pulling 70c112196e0b:  48% ▕████████          ▏ 2.8 GB/5.8 GB  127 MB/s     23s[K[?25h[?2026l[?2026h[?25l[A[1Gpulling manifest [K
pulling 70c112196e0b:  49% ▕████████          ▏ 2.8 GB/5.8 GB  127 MB/s     23s[K[?25h[?2026l[?2026h[?25l[A[1Gpulling manifest [K
pulling 70c112196e0b:  49% ▕████████          ▏ 2.8 GB/5.8 GB  127 MB/s     23s[K[?25h[?2026l[?2026h[?25l[A[1Gpulling manifest [K
pulling 70c112196e0b:  49% ▕████████          ▏ 2.8 GB/5.8 GB  127 MB/s     23s[K[?25h[?2026l[?2026h[?25l[A[1Gpulling manifest [K
pulling 70c112196e0b:  49% ▕████████          ▏ 2.8 GB/5.8 GB  127 MB/s     23s[K[?25h[?2026l[?2026h[?25l[A[1Gpulling manifest [K
pulling 70c112196e0b:  50% ▕████████          ▏ 2.9 GB/5.8 GB  127 MB/s     22s[K[?25h[?2026l[?2026h[?25l[A[1Gpulling manifest [K
pulling 70c112196e0b:  50% ▕████████          ▏ 2.9 GB/5.8 GB  127 MB/s     22s[K[?25h[?2026l[?2026h[?25l[A[1Gpulling manifest [K
pulling 70c112196e0b:  50% ▕█████████         ▏ 2.9 GB/5.8 GB  127 MB/s     22s[K[?25h[?2026l[?2026h[?25l[A[1Gpulling manifest [K
pulling 70c112196e0b:  50% ▕█████████         ▏ 2.9 GB/5.8 GB  127 MB/s     22s[K[?25h[?2026l[?2026h[?25l[A[1Gpulling manifest [K
pulling 70c112196e0b:  50% ▕█████████         ▏ 2.9 GB/5.8 GB  127 MB/s     22s[K[?25h[?2026l[?2026h[?25l[A[1Gpulling manifest [K
pulling 70c112196e0b:  51% ▕█████████         ▏ 2.9 GB/5.8 GB  127 MB/s     22s[K[?25h[?2026l[?2026h[?25l[A[1Gpulling manifest [K
pulling 70c112196e0b:  51% ▕█████████         ▏ 2.9 GB/5.8 GB  127 MB/s     22s[K[?25h[?2026l[?2026h[?25l[A[1Gpulling manifest [K
pulling 70c112196e0b:  51% ▕█████████         ▏ 3.0 GB/5.8 GB  127 MB/s     22s[K[?25h[?2026l[?2026h[?25l[A[1Gpulling manifest [K
pulling 70c112196e0b:  51% ▕█████████         ▏ 3.0 GB/5.8 GB  127 MB/s     22s[K[?25h[?2026l[?2026h[?25l[A[1Gpulling manifest [K
pulling 70c112196e0b:  51% ▕█████████         ▏ 3.0 GB/5.8 GB  127 MB/s     22s[K[?25h[?2026l[?2026h[?25l[A[1Gpulling manifest [K
pulling 70c112196e0b:  52% ▕█████████         ▏ 3.0 GB/5.8 GB  127 MB/s     21s[K[?25h[?2026l[?2026h[?25l[A[1Gpulling manifest [K
pulling 70c112196e0b:  52% ▕█████████         ▏ 3.0 GB/5.8 GB  127 MB/s     21s[K[?25h[?2026l[?2026h[?25l[A[1Gpulling manifest [K
pulling 70c112196e0b:  52% ▕█████████         ▏ 3.0 GB/5.8 GB  127 MB/s     21s[K[?25h[?2026l[?2026h[?25l[A[1Gpulling manifest [K
pulling 70c112196e0b:  52% ▕█████████         ▏ 3.0 GB/5.8 GB  126 MB/s     21s[K[?25h[?2026l[?2026h[?25l[A[1Gpulling manifest [K
pulling 70c112196e0b:  53% ▕█████████         ▏ 3.0 GB/5.8 GB  126 MB/s     21s[K[?25h[?2026l[?2026h[?25l[A[1Gpulling manifest [K
pulling 70c112196e0b:  53% ▕█████████         ▏ 3.1 GB/5.8 GB  126 MB/s     21s[K[?25h[?2026l[?2026h[?25l[A[1Gpulling manifest [K
pulling 70c112196e0b:  53% ▕█████████         ▏ 3.1 GB/5.8 GB  126 MB/s     21s[K[?25h[?2026l[?2026h[?25l[A[1Gpulling manifest [K
pulling 70c112196e0b:  53% ▕█████████         ▏ 3.1 GB/5.8 GB  126 MB/s     21s[K[?25h[?2026l[?2026h[?25l[A[1Gpulling manifest [K
pulling 70c112196e0b:  54% ▕█████████         ▏ 3.1 GB/5.8 GB  126 MB/s     21s[K[?25h[?2026l[?2026h[?25l[A[1Gpulling manifest [K
pulling 70c112196e0b:  54% ▕█████████         ▏ 3.1 GB/5.8 GB  126 MB/s     21s[K[?25h[?2026l[?2026h[?25l[A[1Gpulling manifest [K
pulling 70c112196e0b:  54% ▕█████████         ▏ 3.1 GB/5.8 GB  126 MB/s     21s[K[?25h[?2026l[?2026h[?25l[A[1Gpulling manifest [K
pulling 70c112196e0b:  54% ▕█████████         ▏ 3.1 GB/5.8 GB  126 MB/s     20s[K[?25h[?2026l[?2026h[?25l[A[1Gpulling manifest [K
pulling 70c112196e0b:  54% ▕█████████         ▏ 3.1 GB/5.8 GB  126 MB/s     20s[K[?25h[?2026l[?2026h[?25l[A[1Gpulling manifest [K
pulling 70c112196e0b:  55% ▕█████████         ▏ 3.2 GB/5.8 GB  126 MB/s     20s[K[?25h[?2026l[?2026h[?25l[A[1Gpulling manifest [K
pulling 70c112196e0b:  55% ▕█████████         ▏ 3.2 GB/5.8 GB  126 MB/s     20s[K[?25h[?2026l[?2026h[?25l[A[1Gpulling manifest [K
pulling 70c112196e0b:  55% ▕█████████         ▏ 3.2 GB/5.8 GB  126 MB/s     20s[K[?25h[?2026l[?2026h[?25l[A[1Gpulling manifest [K
pulling 70c112196e0b:  55% ▕█████████         ▏ 3.2 GB/5.8 GB  126 MB/s     20s[K[?25h[?2026l[?2026h[?25l[A[1Gpulling manifest [K
pulling 70c112196e0b:  56% ▕█████████         ▏ 3.2 GB/5.8 GB  126 MB/s     20s[K[?25h[?2026l[?2026h[?25l[A[1Gpulling manifest [K
pulling 70c112196e0b:  56% ▕██████████        ▏ 3.2 GB/5.8 GB  126 MB/s     20s[K[?25h[?2026l[?2026h[?25l[A[1Gpulling manifest [K
pulling 70c112196e0b:  56% ▕██████████        ▏ 3.2 GB/5.8 GB  126 MB/s     20s[K[?25h[?2026l[?2026h[?25l[A[1Gpulling manifest [K
pulling 70c112196e0b:  56% ▕██████████        ▏ 3.2 GB/5.8 GB  126 MB/s     20s[K[?25h[?2026l[?2026h[?25l[A[1Gpulling manifest [K
pulling 70c112196e0b:  56% ▕██████████        ▏ 3.2 GB/5.8 GB  126 MB/s     19s[K[?25h[?2026l[?2026h[?25l[A[1Gpulling manifest [K
pulling 70c112196e0b:  57% ▕██████████        ▏ 3.3 GB/5.8 GB  126 MB/s     19s[K[?25h[?2026l[?2026h[?25l[A[1Gpulling manifest [K
pulling 70c112196e0b:  57% ▕██████████        ▏ 3.3 GB/5.8 GB  126 MB/s     19s[K[?25h[?2026l[?2026h[?25l[A[1Gpulling manifest [K
pulling 70c112196e0b:  57% ▕██████████        ▏ 3.3 GB/5.8 GB  126 MB/s     19s[K[?25h[?2026l[?2026h[?25l[A[1Gpulling manifest [K
pulling 70c112196e0b:  57% ▕██████████        ▏ 3.3 GB/5.8 GB  126 MB/s     19s[K[?25h[?2026l[?2026h[?25l[A[1Gpulling manifest [K
pulling 70c112196e0b:  57% ▕██████████        ▏ 3.3 GB/5.8 GB  126 MB/s     19s[K[?25h[?2026l[?2026h[?25l[A[1Gpulling manifest [K
pulling 70c112196e0b:  58% ▕██████████        ▏ 3.3 GB/5.8 GB  126 MB/s     19s[K[?25h[?2026l[?2026h[?25l[A[1Gpulling manifest [K
pulling 70c112196e0b:  58% ▕██████████        ▏ 3.3 GB/5.8 GB  126 MB/s     19s[K[?25h[?2026l[?2026h[?25l[A[1Gpulling manifest [K
pulling 70c112196e0b:  58% ▕██████████        ▏ 3.4 GB/5.8 GB  126 MB/s     19s[K[?25h[?2026l[?2026h[?25l[A[1Gpulling manifest [K
pulling 70c112196e0b:  58% ▕██████████        ▏ 3.4 GB/5.8 GB  126 MB/s     19s[K[?25h[?2026l[?2026h[?25l[A[1Gpulling manifest [K
pulling 70c112196e0b:  58% ▕██████████        ▏ 3.4 GB/5.8 GB  126 MB/s     19s[K[?25h[?2026l[?2026h[?25l[A[1Gpulling manifest [K
pulling 70c112196e0b:  59% ▕██████████        ▏ 3.4 GB/5.8 GB  126 MB/s     18s[K[?25h[?2026l[?2026h[?25l[A[1Gpulling manifest [K
pulling 70c112196e0b:  59% ▕██████████        ▏ 3.4 GB/5.8 GB  126 MB/s     18s[K[?25h[?2026l[?2026h[?25l[A[1Gpulling manifest [K
pulling 70c112196e0b:  59% ▕██████████        ▏ 3.4 GB/5.8 GB  125 MB/s     18s[K[?25h[?2026l[?2026h[?25l[A[1Gpulling manifest [K
pulling 70c112196e0b:  60% ▕██████████        ▏ 3.4 GB/5.8 GB  125 MB/s     18s[K[?25h[?2026l[?2026h[?25l[A[1Gpulling manifest [K
pulling 70c112196e0b:  60% ▕██████████        ▏ 3.4 GB/5.8 GB  125 MB/s     18s[K[?25h[?2026l[?2026h[?25l[A[1Gpulling manifest [K
pulling 70c112196e0b:  60% ▕██████████        ▏ 3.5 GB/5.8 GB  125 MB/s     18s[K[?25h[?2026l[?2026h[?25l[A[1Gpulling manifest [K
pulling 70c112196e0b:  60% ▕██████████        ▏ 3.5 GB/5.8 GB  125 MB/s     18s[K[?25h[?2026l[?2026h[?25l[A[1Gpulling manifest [K
pulling 70c112196e0b:  60% ▕██████████        ▏ 3.5 GB/5.8 GB  125 MB/s     18s[K[?25h[?2026l[?2026h[?25l[A[1Gpulling manifest [K
pulling 70c112196e0b:  61% ▕██████████        ▏ 3.5 GB/5.8 GB  125 MB/s     18s[K[?25h[?2026l[?2026h[?25l[A[1Gpulling manifest [K
pulling 70c112196e0b:  61% ▕██████████        ▏ 3.5 GB/5.8 GB  125 MB/s     18s[K[?25h[?2026l[?2026h[?25l[A[1Gpulling manifest [K
pulling 70c112196e0b:  61% ▕██████████        ▏ 3.5 GB/5.8 GB  125 MB/s     17s[K[?25h[?2026l[?2026h[?25l[A[1Gpulling manifest [K
pulling 70c112196e0b:  61% ▕███████████       ▏ 3.5 GB/5.8 GB  125 MB/s     17s[K[?25h[?2026l[?2026h[?25l[A[1Gpulling manifest [K
pulling 70c112196e0b:  62% ▕███████████       ▏ 3.6 GB/5.8 GB  125 MB/s     17s[K[?25h[?2026l[?2026h[?25l[A[1Gpulling manifest [K
pulling 70c112196e0b:  62% ▕███████████       ▏ 3.6 GB/5.8 GB  125 MB/s     17s[K[?25h[?2026l[?2026h[?25l[A[1Gpulling manifest [K
pulling 70c112196e0b:  62% ▕███████████       ▏ 3.6 GB/5.8 GB  125 MB/s     17s[K[?25h[?2026l[?2026h[?25l[A[1Gpulling manifest [K
pulling 70c112196e0b:  62% ▕███████████       ▏ 3.6 GB/5.8 GB  125 MB/s     17s[K[?25h[?2026l[?2026h[?25l[A[1Gpulling manifest [K
pulling 70c112196e0b:  62% ▕███████████       ▏ 3.6 GB/5.8 GB  125 MB/s     17s[K[?25h[?2026l[?2026h[?25l[A[1Gpulling manifest [K
pulling 70c112196e0b:  63% ▕███████████       ▏ 3.6 GB/5.8 GB  125 MB/s     17s[K[?25h[?2026l[?2026h[?25l[A[1Gpulling manifest [K
pulling 70c112196e0b:  63% ▕███████████       ▏ 3.6 GB/5.8 GB  125 MB/s     17s[K[?25h[?2026l[?2026h[?25l[A[1Gpulling manifest [K
pulling 70c112196e0b:  63% ▕███████████       ▏ 3.6 GB/5.8 GB  125 MB/s     16s[K[?25h[?2026l[?2026h[?25l[A[1Gpulling manifest [K
pulling 70c112196e0b:  63% ▕███████████       ▏ 3.6 GB/5.8 GB  125 MB/s     16s[K[?25h[?2026l[?2026h[?25l[A[1Gpulling manifest [K
pulling 70c112196e0b:  63% ▕███████████       ▏ 3.7 GB/5.8 GB  125 MB/s     16s[K[?25h[?2026l[?2026h[?25l[A[1Gpulling manifest [K
pulling 70c112196e0b:  64% ▕███████████       ▏ 3.7 GB/5.8 GB  125 MB/s     16s[K[?25h[?2026l[?2026h[?25l[A[1Gpulling manifest [K
pulling 70c112196e0b:  64% ▕███████████       ▏ 3.7 GB/5.8 GB  125 MB/s     16s[K[?25h[?2026l[?2026h[?25l[A[1Gpulling manifest [K
pulling 70c112196e0b:  64% ▕███████████       ▏ 3.7 GB/5.8 GB  125 MB/s     16s[K[?25h[?2026l[?2026h[?25l[A[1Gpulling manifest [K
pulling 70c112196e0b:  64% ▕███████████       ▏ 3.7 GB/5.8 GB  125 MB/s     16s[K[?25h[?2026l[?2026h[?25l[A[1Gpulling manifest [K
pulling 70c112196e0b:  64% ▕███████████       ▏ 3.7 GB/5.8 GB  125 MB/s     16s[K[?25h[?2026l[?2026h[?25l[A[1Gpulling manifest [K
pulling 70c112196e0b:  65% ▕███████████       ▏ 3.7 GB/5.8 GB  125 MB/s     16s[K[?25h[?2026l[?2026h[?25l[A[1Gpulling manifest [K
pulling 70c112196e0b:  65% ▕███████████       ▏ 3.8 GB/5.8 GB  125 MB/s     16s[K[?25h[?2026l[?2026h[?25l[A[1Gpulling manifest [K
pulling 70c112196e0b:  65% ▕███████████       ▏ 3.8 GB/5.8 GB  125 MB/s     16s[K[?25h[?2026l[?2026h[?25l[A[1Gpulling manifest [K
pulling 70c112196e0b:  65% ▕███████████       ▏ 3.8 GB/5.8 GB  125 MB/s     15s[K[?25h[?2026l[?2026h[?25l[A[1Gpulling manifest [K
pulling 70c112196e0b:  66% ▕███████████       ▏ 3.8 GB/5.8 GB  125 MB/s     15s[K[?25h[?2026l[?2026h[?25l[A[1Gpulling manifest [K
pulling 70c112196e0b:  66% ▕███████████       ▏ 3.8 GB/5.8 GB  129 MB/s     15s[K[?25h[?2026l[?2026h[?25l[A[1Gpulling manifest [K
pulling 70c112196e0b:  66% ▕███████████       ▏ 3.8 GB/5.8 GB  129 MB/s     15s[K[?25h[?2026l[?2026h[?25l[A[1Gpulling manifest [K
pulling 70c112196e0b:  66% ▕███████████       ▏ 3.8 GB/5.8 GB  129 MB/s     14s[K[?25h[?2026l[?2026h[?25l[A[1Gpulling manifest [K
pulling 70c112196e0b:  67% ▕███████████       ▏ 3.8 GB/5.8 GB  129 MB/s     14s[K[?25h[?2026l[?2026h[?25l[A[1Gpulling manifest [K
pulling 70c112196e0b:  67% ▕████████████      ▏ 3.9 GB/5.8 GB  129 MB/s     14s[K[?25h[?2026l[?2026h[?25l[A[1Gpulling manifest [K
pulling 70c112196e0b:  67% ▕████████████      ▏ 3.9 GB/5.8 GB  129 MB/s     14s[K[?25h[?2026l[?2026h[?25l[A[1Gpulling manifest [K
pulling 70c112196e0b:  67% ▕████████████      ▏ 3.9 GB/5.8 GB  129 MB/s     14s[K[?25h[?2026l[?2026h[?25l[A[1Gpulling manifest [K
pulling 70c112196e0b:  67% ▕████████████      ▏ 3.9 GB/5.8 GB  129 MB/s     14s[K[?25h[?2026l[?2026h[?25l[A[1Gpulling manifest [K
pulling 70c112196e0b:  68% ▕████████████      ▏ 3.9 GB/5.8 GB  129 MB/s     14s[K[?25h[?2026l[?2026h[?25l[A[1Gpulling manifest [K
pulling 70c112196e0b:  68% ▕████████████      ▏ 3.9 GB/5.8 GB  129 MB/s     14s[K[?25h[?2026l[?2026h[?25l[A[1Gpulling manifest [K
pulling 70c112196e0b:  68% ▕████████████      ▏ 3.9 GB/5.8 GB  129 MB/s     14s[K[?25h[?2026l[?2026h[?25l[A[1Gpulling manifest [K
pulling 70c112196e0b:  68% ▕████████████      ▏ 3.9 GB/5.8 GB  129 MB/s     14s[K[?25h[?2026l[?2026h[?25l[A[1Gpulling manifest [K
pulling 70c112196e0b:  69% ▕████████████      ▏ 4.0 GB/5.8 GB  129 MB/s     14s[K[?25h[?2026l[?2026h[?25l[A[1Gpulling manifest [K
pulling 70c112196e0b:  69% ▕████████████      ▏ 4.0 GB/5.8 GB  129 MB/s     14s[K[?25h[?2026l[?2026h[?25l[A[1Gpulling manifest [K
pulling 70c112196e0b:  69% ▕████████████      ▏ 4.0 GB/5.8 GB  129 MB/s     14s[K[?25h[?2026l[?2026h[?25l[A[1Gpulling manifest [K
pulling 70c112196e0b:  69% ▕████████████      ▏ 4.0 GB/5.8 GB  129 MB/s     13s[K[?25h[?2026l[?2026h[?25l[A[1Gpulling manifest [K
pulling 70c112196e0b:  69% ▕████████████      ▏ 4.0 GB/5.8 GB  129 MB/s     13s[K[?25h[?2026l[?2026h[?25l[A[1Gpulling manifest [K
pulling 70c112196e0b:  69% ▕████████████      ▏ 4.0 GB/5.8 GB  129 MB/s     13s[K[?25h[?2026l[?2026h[?25l[A[1Gpulling manifest [K
pulling 70c112196e0b:  69% ▕████████████      ▏ 4.0 GB/5.8 GB  129 MB/s     13s[K[?25h[?2026l[?2026h[?25l[A[1Gpulling manifest [K
pulling 70c112196e0b:  69% ▕████████████      ▏ 4.0 GB/5.8 GB  129 MB/s     13s[K[?25h[?2026l[?2026h[?25l[A[1Gpulling manifest [K
pulling 70c112196e0b:  69% ▕████████████      ▏ 4.0 GB/5.8 GB  129 MB/s     13s[K[?25h[?2026l[?2026h[?25l[A[1Gpulling manifest [K
pulling 70c112196e0b:  70% ▕████████████      ▏ 4.0 GB/5.8 GB  124 MB/s     13s[K[?25h[?2026l[?2026h[?25l[A[1Gpulling manifest [K
pulling 70c112196e0b:  70% ▕████████████      ▏ 4.1 GB/5.8 GB  124 MB/s     13s[K[?25h[?2026l[?2026h[?25l[A[1Gpulling manifest [K
pulling 70c112196e0b:  70% ▕████████████      ▏ 4.1 GB/5.8 GB  124 MB/s     13s[K[?25h[?2026l[?2026h[?25l[A[1Gpulling manifest [K
pulling 70c112196e0b:  70% ▕████████████      ▏ 4.1 GB/5.8 GB  124 MB/s     13s[K[?25h[?2026l[?2026h[?25l[A[1Gpulling manifest [K
pulling 70c112196e0b:  71% ▕████████████      ▏ 4.1 GB/5.8 GB  124 MB/s     13s[K[?25h[?2026l[?2026h[?25l[A[1Gpulling manifest [K
pulling 70c112196e0b:  71% ▕████████████      ▏ 4.1 GB/5.8 GB  124 MB/s     13s[K[?25h[?2026l[?2026h[?25l[A[1Gpulling manifest [K
pulling 70c112196e0b:  71% ▕████████████      ▏ 4.1 GB/5.8 GB  124 MB/s     13s[K[?25h[?2026l[?2026h[?25l[A[1Gpulling manifest [K
pulling 70c112196e0b:  71% ▕████████████      ▏ 4.1 GB/5.8 GB  124 MB/s     13s[K[?25h[?2026l[?2026h[?25l[A[1Gpulling manifest [K
pulling 70c112196e0b:  72% ▕████████████      ▏ 4.1 GB/5.8 GB  124 MB/s     13s[K[?25h[?2026l[?2026h[?25l[A[1Gpulling manifest [K
pulling 70c112196e0b:  72% ▕████████████      ▏ 4.1 GB/5.8 GB  124 MB/s     13s[K[?25h[?2026l[?2026h[?25l[A[1Gpulling manifest [K
pulling 70c112196e0b:  72% ▕████████████      ▏ 4.2 GB/5.8 GB  124 MB/s     12s[K[?25h[?2026l[?2026h[?25l[A[1Gpulling manifest [K
pulling 70c112196e0b:  72% ▕████████████      ▏ 4.2 GB/5.8 GB  124 MB/s     12s[K[?25h[?2026l[?2026h[?25l[A[1Gpulling manifest [K
pulling 70c112196e0b:  72% ▕█████████████     ▏ 4.2 GB/5.8 GB  124 MB/s     12s[K[?25h[?2026l[?2026h[?25l[A[1Gpulling manifest [K
pulling 70c112196e0b:  73% ▕█████████████     ▏ 4.2 GB/5.8 GB  124 MB/s     12s[K[?25h[?2026l[?2026h[?25l[A[1Gpulling manifest [K
pulling 70c112196e0b:  73% ▕█████████████     ▏ 4.2 GB/5.8 GB  124 MB/s     12s[K[?25h[?2026l[?2026h[?25l[A[1Gpulling manifest [K
pulling 70c112196e0b:  73% ▕█████████████     ▏ 4.2 GB/5.8 GB  124 MB/s     12s[K[?25h[?2026l[?2026h[?25l[A[1Gpulling manifest [K
pulling 70c112196e0b:  73% ▕█████████████     ▏ 4.2 GB/5.8 GB  124 MB/s     12s[K[?25h[?2026l[?2026h[?25l[A[1Gpulling manifest [K
pulling 70c112196e0b:  74% ▕█████████████     ▏ 4.3 GB/5.8 GB  124 MB/s     12s[K[?25h[?2026l[?2026h[?25l[A[1Gpulling manifest [K
pulling 70c112196e0b:  74% ▕█████████████     ▏ 4.3 GB/5.8 GB  124 MB/s     12s[K[?25h[?2026l[?2026h[?25l[A[1Gpulling manifest [K
pulling 70c112196e0b:  74% ▕█████████████     ▏ 4.3 GB/5.8 GB  124 MB/s     12s[K[?25h[?2026l[?2026h[?25l[A[1Gpulling manifest [K
pulling 70c112196e0b:  74% ▕█████████████     ▏ 4.3 GB/5.8 GB  125 MB/s     11s[K[?25h[?2026l[?2026h[?25l[A[1Gpulling manifest [K
pulling 70c112196e0b:  74% ▕█████████████     ▏ 4.3 GB/5.8 GB  125 MB/s     11s[K[?25h[?2026l[?2026h[?25l[A[1Gpulling manifest [K
pulling 70c112196e0b:  75% ▕█████████████     ▏ 4.3 GB/5.8 GB  125 MB/s     11s[K[?25h[?2026l[?2026h[?25l[A[1Gpulling manifest [K
pulling 70c112196e0b:  75% ▕█████████████     ▏ 4.3 GB/5.8 GB  125 MB/s     11s[K[?25h[?2026l[?2026h[?25l[A[1Gpulling manifest [K
pulling 70c112196e0b:  75% ▕█████████████     ▏ 4.3 GB/5.8 GB  125 MB/s     11s[K[?25h[?2026l[?2026h[?25l[A[1Gpulling manifest [K
pulling 70c112196e0b:  75% ▕█████████████     ▏ 4.4 GB/5.8 GB  125 MB/s     11s[K[?25h[?2026l[?2026h[?25l[A[1Gpulling manifest [K
pulling 70c112196e0b:  76% ▕█████████████     ▏ 4.4 GB/5.8 GB  125 MB/s     11s[K[?25h[?2026l[?2026h[?25l[A[1Gpulling manifest [K
pulling 70c112196e0b:  76% ▕█████████████     ▏ 4.4 GB/5.8 GB  125 MB/s     11s[K[?25h[?2026l[?2026h[?25l[A[1Gpulling manifest [K
pulling 70c112196e0b:  76% ▕█████████████     ▏ 4.4 GB/5.8 GB  125 MB/s     11s[K[?25h[?2026l[?2026h[?25l[A[1Gpulling manifest [K
pulling 70c112196e0b:  76% ▕█████████████     ▏ 4.4 GB/5.8 GB  125 MB/s     10s[K[?25h[?2026l[?2026h[?25l[A[1Gpulling manifest [K
pulling 70c112196e0b:  76% ▕█████████████     ▏ 4.4 GB/5.8 GB  125 MB/s     10s[K[?25h[?2026l[?2026h[?25l[A[1Gpulling manifest [K
pulling 70c112196e0b:  77% ▕█████████████     ▏ 4.4 GB/5.8 GB  125 MB/s     10s[K[?25h[?2026l[?2026h[?25l[A[1Gpulling manifest [K
pulling 70c112196e0b:  77% ▕█████████████     ▏ 4.4 GB/5.8 GB  125 MB/s     10s[K[?25h[?2026l[?2026h[?25l[A[1Gpulling manifest [K
pulling 70c112196e0b:  77% ▕█████████████     ▏ 4.5 GB/5.8 GB  125 MB/s     10s[K[?25h[?2026l[?2026h[?25l[A[1Gpulling manifest [K
pulling 70c112196e0b:  77% ▕█████████████     ▏ 4.5 GB/5.8 GB  125 MB/s     10s[K[?25h[?2026l[?2026h[?25l[A[1Gpulling manifest [K
pulling 70c112196e0b:  77% ▕█████████████     ▏ 4.5 GB/5.8 GB  125 MB/s     10s[K[?25h[?2026l[?2026h[?25l[A[1Gpulling manifest [K
pulling 70c112196e0b:  78% ▕█████████████     ▏ 4.5 GB/5.8 GB  125 MB/s     10s[K[?25h[?2026l[?2026h[?25l[A[1Gpulling manifest [K
pulling 70c112196e0b:  78% ▕██████████████    ▏ 4.5 GB/5.8 GB  125 MB/s     10s[K[?25h[?2026l[?2026h[?25l[A[1Gpulling manifest [K
pulling 70c112196e0b:  78% ▕██████████████    ▏ 4.5 GB/5.8 GB  125 MB/s     10s[K[?25h[?2026l[?2026h[?25l[A[1Gpulling manifest [K
pulling 70c112196e0b:  79% ▕██████████████    ▏ 4.5 GB/5.8 GB  125 MB/s      9s[K[?25h[?2026l[?2026h[?25l[A[1Gpulling manifest [K
pulling 70c112196e0b:  79% ▕██████████████    ▏ 4.5 GB/5.8 GB  125 MB/s      9s[K[?25h[?2026l[?2026h[?25l[A[1Gpulling manifest [K
pulling 70c112196e0b:  79% ▕██████████████    ▏ 4.6 GB/5.8 GB  125 MB/s      9s[K[?25h[?2026l[?2026h[?25l[A[1Gpulling manifest [K
pulling 70c112196e0b:  79% ▕██████████████    ▏ 4.6 GB/5.8 GB  125 MB/s      9s[K[?25h[?2026l[?2026h[?25l[A[1Gpulling manifest [K
pulling 70c112196e0b:  79% ▕██████████████    ▏ 4.6 GB/5.8 GB  125 MB/s      9s[K[?25h[?2026l[?2026h[?25l[A[1Gpulling manifest [K
pulling 70c112196e0b:  80% ▕██████████████    ▏ 4.6 GB/5.8 GB  125 MB/s      9s[K[?25h[?2026l[?2026h[?25l[A[1Gpulling manifest [K
pulling 70c112196e0b:  80% ▕██████████████    ▏ 4.6 GB/5.8 GB  125 MB/s      9s[K[?25h[?2026l[?2026h[?25l[A[1Gpulling manifest [K
pulling 70c112196e0b:  80% ▕██████████████    ▏ 4.6 GB/5.8 GB  125 MB/s      9s[K[?25h[?2026l[?2026h[?25l[A[1Gpulling manifest [K
pulling 70c112196e0b:  80% ▕██████████████    ▏ 4.6 GB/5.8 GB  125 MB/s      9s[K[?25h[?2026l[?2026h[?25l[A[1Gpulling manifest [K
pulling 70c112196e0b:  80% ▕██████████████    ▏ 4.6 GB/5.8 GB  125 MB/s      9s[K[?25h[?2026l[?2026h[?25l[A[1Gpulling manifest [K
pulling 70c112196e0b:  81% ▕██████████████    ▏ 4.7 GB/5.8 GB  125 MB/s      8s[K[?25h[?2026l[?2026h[?25l[A[1Gpulling manifest [K
pulling 70c112196e0b:  81% ▕██████████████    ▏ 4.7 GB/5.8 GB  125 MB/s      8s[K[?25h[?2026l[?2026h[?25l[A[1Gpulling manifest [K
pulling 70c112196e0b:  81% ▕██████████████    ▏ 4.7 GB/5.8 GB  124 MB/s      8s[K[?25h[?2026l[?2026h[?25l[A[1Gpulling manifest [K
pulling 70c112196e0b:  81% ▕██████████████    ▏ 4.7 GB/5.8 GB  124 MB/s      8s[K[?25h[?2026l[?2026h[?25l[A[1Gpulling manifest [K
pulling 70c112196e0b:  81% ▕██████████████    ▏ 4.7 GB/5.8 GB  124 MB/s      8s[K[?25h[?2026l[?2026h[?25l[A[1Gpulling manifest [K
pulling 70c112196e0b:  82% ▕██████████████    ▏ 4.7 GB/5.8 GB  124 MB/s      8s[K[?25h[?2026l[?2026h[?25l[A[1Gpulling manifest [K
pulling 70c112196e0b:  82% ▕██████████████    ▏ 4.7 GB/5.8 GB  124 MB/s      8s[K[?25h[?2026l[?2026h[?25l[A[1Gpulling manifest [K
pulling 70c112196e0b:  82% ▕██████████████    ▏ 4.7 GB/5.8 GB  124 MB/s      8s[K[?25h[?2026l[?2026h[?25l[A[1Gpulling manifest [K
pulling 70c112196e0b:  82% ▕██████████████    ▏ 4.8 GB/5.8 GB  124 MB/s      8s[K[?25h[?2026l[?2026h[?25l[A[1Gpulling manifest [K
pulling 70c112196e0b:  83% ▕██████████████    ▏ 4.8 GB/5.8 GB  124 MB/s      8s[K[?25h[?2026l[?2026h[?25l[A[1Gpulling manifest [K
pulling 70c112196e0b:  83% ▕██████████████    ▏ 4.8 GB/5.8 GB  124 MB/s      7s[K[?25h[?2026l[?2026h[?25l[A[1Gpulling manifest [K
pulling 70c112196e0b:  83% ▕██████████████    ▏ 4.8 GB/5.8 GB  124 MB/s      7s[K[?25h[?2026l[?2026h[?25l[A[1Gpulling manifest [K
pulling 70c112196e0b:  83% ▕██████████████    ▏ 4.8 GB/5.8 GB  125 MB/s      7s[K[?25h[?2026l[?2026h[?25l[A[1Gpulling manifest [K
pulling 70c112196e0b:  83% ▕███████████████   ▏ 4.8 GB/5.8 GB  125 MB/s      7s[K[?25h[?2026l[?2026h[?25l[A[1Gpulling manifest [K
pulling 70c112196e0b:  84% ▕███████████████   ▏ 4.8 GB/5.8 GB  125 MB/s      7s[K[?25h[?2026l[?2026h[?25l[A[1Gpulling manifest [K
pulling 70c112196e0b:  84% ▕███████████████   ▏ 4.9 GB/5.8 GB  125 MB/s      7s[K[?25h[?2026l[?2026h[?25l[A[1Gpulling manifest [K
pulling 70c112196e0b:  84% ▕███████████████   ▏ 4.9 GB/5.8 GB  125 MB/s      7s[K[?25h[?2026l[?2026h[?25l[A[1Gpulling manifest [K
pulling 70c112196e0b:  84% ▕███████████████   ▏ 4.9 GB/5.8 GB  125 MB/s      7s[K[?25h[?2026l[?2026h[?25l[A[1Gpulling manifest [K
pulling 70c112196e0b:  85% ▕███████████████   ▏ 4.9 GB/5.8 GB  125 MB/s      7s[K[?25h[?2026l[?2026h[?25l[A[1Gpulling manifest [K
pulling 70c112196e0b:  85% ▕███████████████   ▏ 4.9 GB/5.8 GB  125 MB/s      7s[K[?25h[?2026l[?2026h[?25l[A[1Gpulling manifest [K
pulling 70c112196e0b:  85% ▕███████████████   ▏ 4.9 GB/5.8 GB  125 MB/s      6s[K[?25h[?2026l[?2026h[?25l[A[1Gpulling manifest [K
pulling 70c112196e0b:  85% ▕███████████████   ▏ 4.9 GB/5.8 GB  125 MB/s      6s[K[?25h[?2026l[?2026h[?25l[A[1Gpulling manifest [K
pulling 70c112196e0b:  86% ▕███████████████   ▏ 4.9 GB/5.8 GB  125 MB/s      6s[K[?25h[?2026l[?2026h[?25l[A[1Gpulling manifest [K
pulling 70c112196e0b:  86% ▕███████████████   ▏ 5.0 GB/5.8 GB  125 MB/s      6s[K[?25h[?2026l[?2026h[?25l[A[1Gpulling manifest [K
pulling 70c112196e0b:  86% ▕███████████████   ▏ 5.0 GB/5.8 GB  125 MB/s      6s[K[?25h[?2026l[?2026h[?25l[A[1Gpulling manifest [K
pulling 70c112196e0b:  86% ▕███████████████   ▏ 5.0 GB/5.8 GB  125 MB/s      6s[K[?25h[?2026l[?2026h[?25l[A[1Gpulling manifest [K
pulling 70c112196e0b:  86% ▕███████████████   ▏ 5.0 GB/5.8 GB  125 MB/s      6s[K[?25h[?2026l[?2026h[?25l[A[1Gpulling manifest [K
pulling 70c112196e0b:  87% ▕███████████████   ▏ 5.0 GB/5.8 GB  125 MB/s      6s[K[?25h[?2026l[?2026h[?25l[A[1Gpulling manifest [K
pulling 70c112196e0b:  87% ▕███████████████   ▏ 5.0 GB/5.8 GB  125 MB/s      6s[K[?25h[?2026l[?2026h[?25l[A[1Gpulling manifest [K
pulling 70c112196e0b:  87% ▕███████████████   ▏ 5.0 GB/5.8 GB  125 MB/s      5s[K[?25h[?2026l[?2026h[?25l[A[1Gpulling manifest [K
pulling 70c112196e0b:  87% ▕███████████████   ▏ 5.1 GB/5.8 GB  125 MB/s      5s[K[?25h[?2026l[?2026h[?25l[A[1Gpulling manifest [K
pulling 70c112196e0b:  88% ▕███████████████   ▏ 5.1 GB/5.8 GB  125 MB/s      5s[K[?25h[?2026l[?2026h[?25l[A[1Gpulling manifest [K
pulling 70c112196e0b:  88% ▕███████████████   ▏ 5.1 GB/5.8 GB  127 MB/s      5s[K[?25h[?2026l[?2026h[?25l[A[1Gpulling manifest [K
pulling 70c112196e0b:  88% ▕███████████████   ▏ 5.1 GB/5.8 GB  127 MB/s      5s[K[?25h[?2026l[?2026h[?25l[A[1Gpulling manifest [K
pulling 70c112196e0b:  88% ▕███████████████   ▏ 5.1 GB/5.8 GB  127 MB/s      5s[K[?25h[?2026l[?2026h[?25l[A[1Gpulling manifest [K
pulling 70c112196e0b:  88% ▕███████████████   ▏ 5.1 GB/5.8 GB  127 MB/s      5s[K[?25h[?2026l[?2026h[?25l[A[1Gpulling manifest [K
pulling 70c112196e0b:  89% ▕███████████████   ▏ 5.1 GB/5.8 GB  127 MB/s      5s[K[?25h[?2026l[?2026h[?25l[A[1Gpulling manifest [K
pulling 70c112196e0b:  89% ▕████████████████  ▏ 5.1 GB/5.8 GB  127 MB/s      5s[K[?25h[?2026l[?2026h[?25l[A[1Gpulling manifest [K
pulling 70c112196e0b:  89% ▕████████████████  ▏ 5.1 GB/5.8 GB  127 MB/s      4s[K[?25h[?2026l[?2026h[?25l[A[1Gpulling manifest [K
pulling 70c112196e0b:  89% ▕████████████████  ▏ 5.2 GB/5.8 GB  127 MB/s      4s[K[?25h[?2026l[?2026h[?25l[A[1Gpulling manifest [K
pulling 70c112196e0b:  89% ▕████████████████  ▏ 5.2 GB/5.8 GB  127 MB/s      4s[K[?25h[?2026l[?2026h[?25l[A[1Gpulling manifest [K
pulling 70c112196e0b:  90% ▕████████████████  ▏ 5.2 GB/5.8 GB  127 MB/s      4s[K[?25h[?2026l[?2026h[?25l[A[1Gpulling manifest [K
pulling 70c112196e0b:  90% ▕████████████████  ▏ 5.2 GB/5.8 GB  131 MB/s      4s[K[?25h[?2026l[?2026h[?25l[A[1Gpulling manifest [K
pulling 70c112196e0b:  90% ▕████████████████  ▏ 5.2 GB/5.8 GB  131 MB/s      4s[K[?25h[?2026l[?2026h[?25l[A[1Gpulling manifest [K
pulling 70c112196e0b:  90% ▕████████████████  ▏ 5.2 GB/5.8 GB  131 MB/s      4s[K[?25h[?2026l[?2026h[?25l[A[1Gpulling manifest [K
pulling 70c112196e0b:  91% ▕████████████████  ▏ 5.2 GB/5.8 GB  131 MB/s      4s[K[?25h[?2026l[?2026h[?25l[A[1Gpulling manifest [K
pulling 70c112196e0b:  91% ▕████████████████  ▏ 5.3 GB/5.8 GB  131 MB/s      4s[K[?25h[?2026l[?2026h[?25l[A[1Gpulling manifest [K
pulling 70c112196e0b:  91% ▕████████████████  ▏ 5.3 GB/5.8 GB  131 MB/s      3s[K[?25h[?2026l[?2026h[?25l[A[1Gpulling manifest [K
pulling 70c112196e0b:  91% ▕████████████████  ▏ 5.3 GB/5.8 GB  131 MB/s      3s[K[?25h[?2026l[?2026h[?25l[A[1Gpulling manifest [K
pulling 70c112196e0b:  91% ▕████████████████  ▏ 5.3 GB/5.8 GB  131 MB/s      3s[K[?25h[?2026l[?2026h[?25l[A[1Gpulling manifest [K
pulling 70c112196e0b:  92% ▕████████████████  ▏ 5.3 GB/5.8 GB  131 MB/s      3s[K[?25h[?2026l[?2026h[?25l[A[1Gpulling manifest [K
pulling 70c112196e0b:  92% ▕████████████████  ▏ 5.3 GB/5.8 GB  131 MB/s      3s[K[?25h[?2026l[?2026h[?25l[A[1Gpulling manifest [K
pulling 70c112196e0b:  92% ▕████████████████  ▏ 5.3 GB/5.8 GB  131 MB/s      3s[K[?25h[?2026l[?2026h[?25l[A[1Gpulling manifest [K
pulling 70c112196e0b:  92% ▕████████████████  ▏ 5.3 GB/5.8 GB  130 MB/s      3s[K[?25h[?2026l[?2026h[?25l[A[1Gpulling manifest [K
pulling 70c112196e0b:  92% ▕████████████████  ▏ 5.3 GB/5.8 GB  130 MB/s      3s[K[?25h[?2026l[?2026h[?25l[A[1Gpulling manifest [K
pulling 70c112196e0b:  93% ▕████████████████  ▏ 5.4 GB/5.8 GB  130 MB/s      3s[K[?25h[?2026l[?2026h[?25l[A[1Gpulling manifest [K
pulling 70c112196e0b:  93% ▕████████████████  ▏ 5.4 GB/5.8 GB  130 MB/s      3s[K[?25h[?2026l[?2026h[?25l[A[1Gpulling manifest [K
pulling 70c112196e0b:  93% ▕████████████████  ▏ 5.4 GB/5.8 GB  130 MB/s      2s[K[?25h[?2026l[?2026h[?25l[A[1Gpulling manifest [K
pulling 70c112196e0b:  93% ▕████████████████  ▏ 5.4 GB/5.8 GB  130 MB/s      2s[K[?25h[?2026l[?2026h[?25l[A[1Gpulling manifest [K
pulling 70c112196e0b:  94% ▕████████████████  ▏ 5.4 GB/5.8 GB  130 MB/s      2s[K[?25h[?2026l[?2026h[?25l[A[1Gpulling manifest [K
pulling 70c112196e0b:  94% ▕████████████████  ▏ 5.4 GB/5.8 GB  130 MB/s      2s[K[?25h[?2026l[?2026h[?25l[A[1Gpulling manifest [K
pulling 70c112196e0b:  94% ▕████████████████  ▏ 5.4 GB/5.8 GB  130 MB/s      2s[K[?25h[?2026l[?2026h[?25l[A[1Gpulling manifest [K
pulling 70c112196e0b:  94% ▕████████████████  ▏ 5.5 GB/5.8 GB  130 MB/s      2s[K[?25h[?2026l[?2026h[?25l[A[1Gpulling manifest [K
pulling 70c112196e0b:  95% ▕█████████████████ ▏ 5.5 GB/5.8 GB  130 MB/s      2s[K[?25h[?2026l[?2026h[?25l[A[1Gpulling manifest [K
pulling 70c112196e0b:  95% ▕█████████████████ ▏ 5.5 GB/5.8 GB  130 MB/s      2s[K[?25h[?2026l[?2026h[?25l[A[1Gpulling manifest [K
pulling 70c112196e0b:  95% ▕█████████████████ ▏ 5.5 GB/5.8 GB  130 MB/s      2s[K[?25h[?2026l[?2026h[?25l[A[1Gpulling manifest [K
pulling 70c112196e0b:  95% ▕█████████████████ ▏ 5.5 GB/5.8 GB  130 MB/s      2s[K[?25h[?2026l[?2026h[?25l[A[1Gpulling manifest [K
pulling 70c112196e0b:  95% ▕█████████████████ ▏ 5.5 GB/5.8 GB  130 MB/s      2s[K[?25h[?2026l[?2026h[?25l[A[1Gpulling manifest [K
pulling 70c112196e0b:  96% ▕█████████████████ ▏ 5.5 GB/5.8 GB  130 MB/s      1s[K[?25h[?2026l[?2026h[?25l[A[1Gpulling manifest [K
pulling 70c112196e0b:  96% ▕█████████████████ ▏ 5.5 GB/5.8 GB  130 MB/s      1s[K[?25h[?2026l[?2026h[?25l[A[1Gpulling manifest [K
pulling 70c112196e0b:  96% ▕█████████████████ ▏ 5.5 GB/5.8 GB  130 MB/s      1s[K[?25h[?2026l[?2026h[?25l[A[1Gpulling manifest [K
pulling 70c112196e0b:  96% ▕█████████████████ ▏ 5.6 GB/5.8 GB  130 MB/s      1s[K[?25h[?2026l[?2026h[?25l[A[1Gpulling manifest [K
pulling 70c112196e0b:  97% ▕█████████████████ ▏ 5.6 GB/5.8 GB  130 MB/s      1s[K[?25h[?2026l[?2026h[?25l[A[1Gpulling manifest [K
pulling 70c112196e0b:  97% ▕█████████████████ ▏ 5.6 GB/5.8 GB  130 MB/s      1s[K[?25h[?2026l[?2026h[?25l[A[1Gpulling manifest [K
pulling 70c112196e0b:  97% ▕█████████████████ ▏ 5.6 GB/5.8 GB  130 MB/s      1s[K[?25h[?2026l[?2026h[?25l[A[1Gpulling manifest [K
pulling 70c112196e0b:  97% ▕█████████████████ ▏ 5.6 GB/5.8 GB  130 MB/s      1s[K[?25h[?2026l[?2026h[?25l[A[1Gpulling manifest [K
pulling 70c112196e0b:  97% ▕█████████████████ ▏ 5.6 GB/5.8 GB  130 MB/s      1s[K[?25h[?2026l[?2026h[?25l[A[1Gpulling manifest [K
pulling 70c112196e0b:  98% ▕█████████████████ ▏ 5.6 GB/5.8 GB  130 MB/s      1s[K[?25h[?2026l[?2026h[?25l[A[1Gpulling manifest [K
pulling 70c112196e0b:  98% ▕█████████████████ ▏ 5.7 GB/5.8 GB  130 MB/s      0s[K[?25h[?2026l[?2026h[?25l[A[1Gpulling manifest [K
pulling 70c112196e0b:  98% ▕█████████████████ ▏ 5.7 GB/5.8 GB  130 MB/s      0s[K[?25h[?2026l[?2026h[?25l[A[1Gpulling manifest [K
pulling 70c112196e0b:  98% ▕█████████████████ ▏ 5.7 GB/5.8 GB  130 MB/s      0s[K[?25h[?2026l[?2026h[?25l[A[1Gpulling manifest [K
pulling 70c112196e0b:  98% ▕█████████████████ ▏ 5.7 GB/5.8 GB  130 MB/s      0s[K[?25h[?2026l[?2026h[?25l[A[1Gpulling manifest [K
pulling 70c112196e0b:  99% ▕█████████████████ ▏ 5.7 GB/5.8 GB  130 MB/s      0s[K[?25h[?2026l[?2026h[?25l[A[1Gpulling manifest [K
pulling 70c112196e0b:  99% ▕█████████████████ ▏ 5.7 GB/5.8 GB  130 MB/s      0s[K[?25h[?2026l[?2026h[?25l[A[1Gpulling manifest [K
pulling 70c112196e0b:  99% ▕█████████████████ ▏ 5.7 GB/5.8 GB  130 MB/s      0s[K[?25h[?2026l[?2026h[?25l[A[1Gpulling manifest [K
pulling 70c112196e0b:  99% ▕█████████████████ ▏ 5.7 GB/5.8 GB  130 MB/s      0s[K[?25h[?2026l[?2026h[?25l[A[1Gpulling manifest [K
pulling 70c112196e0b: 100% ▕█████████████████ ▏ 5.8 GB/5.8 GB  130 MB/s      0s[K[?25h[?2026l[?2026h[?25l[A[1Gpulling manifest [K
pulling 70c112196e0b: 100% ▕█████████████████ ▏ 5.8 GB/5.8 GB  130 MB/s      0s[K[?25h[?2026l[?2026h[?25l[A[1Gpulling manifest [K
pulling 70c112196e0b: 100% ▕██████████████████▏ 5.8 GB                         [K[?25h[?2026l[?2026h[?25l[A[1Gpulling manifest [K
pulling 70c112196e0b: 100% ▕██████████████████▏ 5.8 GB                         [K[?25h[?2026l[?2026h[?25l[A[1Gpulling manifest [K
pulling 70c112196e0b: 100% ▕██████████████████▏ 5.8 GB                         [K[?25h[?2026l[?2026h[?25l[A[1Gpulling manifest [K
pulling 70c112196e0b: 100% ▕██████████████████▏ 5.8 GB                         [K[?25h[?2026l[?2026h[?25l[A[1Gpulling manifest [K
pulling 70c112196e0b: 100% ▕██████████████████▏ 5.8 GB                         [K[?25h[?2026l[?2026h[?25l[A[1Gpulling manifest [K
pulling 70c112196e0b: 100% ▕██████████████████▏ 5.8 GB                         [K[?25h[?2026l[?2026h[?25l[A[1Gpulling manifest [K
pulling 70c112196e0b: 100% ▕██████████████████▏ 5.8 GB                         [K[?25h[?2026l[?2026h[?25l[A[1Gpulling manifest [K
pulling 70c112196e0b: 100% ▕██████████████████▏ 5.8 GB                         [K[?25h[?2026l[?2026h[?25l[A[1Gpulling manifest [K
pulling 70c112196e0b: 100% ▕██████████████████▏ 5.8 GB                         [K[?25h[?2026l[?2026h[?25l[A[1Gpulling manifest [K
pulling 70c112196e0b: 100% ▕██████████████████▏ 5.8 GB                         [K[?25h[?2026l[?2026h[?25l[A[1Gpulling manifest [K
pulling 70c112196e0b: 100% ▕██████████████████▏ 5.8 GB                         [K[?25h[?2026l[?2026h[?25l[A[1Gpulling manifest [K
pulling 70c112196e0b: 100% ▕██████████████████▏ 5.8 GB                         [K[?25h[?2026l[?2026h[?25l[A[1Gpulling manifest [K
pulling 70c112196e0b: 100% ▕██████████████████▏ 5.8 GB                         [K[?25h[?2026l[?2026h[?25l[A[1Gpulling manifest [K
pulling 70c112196e0b: 100% ▕██████████████████▏ 5.8 GB                         [K[?25h[?2026l[?2026h[?25l[A[1Gpulling manifest [K
pulling 70c112196e0b: 100% ▕██████████████████▏ 5.8 GB                         [K[?25h[?2026l[?2026h[?25l[A[1Gpulling manifest [K
pulling 70c112196e0b: 100% ▕██████████████████▏ 5.8 GB                         [K[?25h[?2026l[?2026h[?25l[A[1Gpulling manifest [K
pulling 70c112196e0b: 100% ▕██████████████████▏ 5.8 GB                         [K[?25h[?2026l[?2026h[?25l[A[1Gpulling manifest [K
pulling 70c112196e0b: 100% ▕██████████████████▏ 5.8 GB                         [K[?25h[?2026l[?2026h[?25l[A[1Gpulling manifest [K
pulling 70c112196e0b: 100% ▕██████████████████▏ 5.8 GB                         [K[?25h[?2026l[?2026h[?25l[A[1Gpulling manifest [K
pulling 70c112196e0b: 100% ▕██████████████████▏ 5.8 GB                         [K[?25h[?2026l[?2026h[?25l[A[1Gpulling manifest [K
pulling 70c112196e0b: 100% ▕██████████████████▏ 5.8 GB                         [K[?25h[?2026l[?2026h[?25l[A[1Gpulling manifest [K
pulling 70c112196e0b: 100% ▕██████████████████▏ 5.8 GB                         [K
pulling 626f9f906274:   2% ▕                  ▏  15 MB/921 MB                  [K[?25h[?2026l[?2026h[?25l[A[A[1Gpulling manifest [K
pulling 70c112196e0b: 100% ▕██████████████████▏ 5.8 GB                         [K
pulling 626f9f906274:   3% ▕                  ▏  25 MB/921 MB                  [K[?25h[?2026l[?2026h[?25l[A[A[1Gpulling manifest [K
pulling 70c112196e0b: 100% ▕██████████████████▏ 5.8 GB                         [K
pulling 626f9f906274:   4% ▕                  ▏  40 MB/921 MB                  [K[?25h[?2026l[?2026h[?25l[A[A[1Gpulling manifest [K
pulling 70c112196e0b: 100% ▕██████████████████▏ 5.8 GB                         [K
pulling 626f9f906274:   5% ▕                  ▏  47 MB/921 MB                  [K[?25h[?2026l[?2026h[?25l[A[A[1Gpulling manifest [K
pulling 70c112196e0b: 100% ▕██████████████████▏ 5.8 GB                         [K
pulling 626f9f906274:   6% ▕█                 ▏  55 MB/921 MB                  [K[?25h[?2026l[?2026h[?25l[A[A[1Gpulling manifest [K
pulling 70c112196e0b: 100% ▕██████████████████▏ 5.8 GB                         [K
pulling 626f9f906274:   8% ▕█                 ▏  75 MB/921 MB                  [K[?25h[?2026l[?2026h[?25l[A[A[1Gpulling manifest [K
pulling 70c112196e0b: 100% ▕██████████████████▏ 5.8 GB                         [K
pulling 626f9f906274:  10% ▕█                 ▏  93 MB/921 MB                  [K[?25h[?2026l[?2026h[?25l[A[A[1Gpulling manifest [K
pulling 70c112196e0b: 100% ▕██████████████████▏ 5.8 GB                         [K
pulling 626f9f906274:  11% ▕██                ▏ 103 MB/921 MB                  [K[?25h[?2026l[?2026h[?25l[A[A[1Gpulling manifest [K
pulling 70c112196e0b: 100% ▕██████████████████▏ 5.8 GB                         [K
pulling 626f9f906274:  12% ▕██                ▏ 107 MB/921 MB                  [K[?25h[?2026l[?2026h[?25l[A[A[1Gpulling manifest [K
pulling 70c112196e0b: 100% ▕██████████████████▏ 5.8 GB                         [K
pulling 626f9f906274:  14% ▕██                ▏ 125 MB/921 MB                  [K[?25h[?2026l[?2026h[?25l[A[A[1Gpulling manifest [K
pulling 70c112196e0b: 100% ▕██████████████████▏ 5.8 GB                         [K
pulling 626f9f906274:  15% ▕██                ▏ 136 MB/921 MB  130 MB/s      6s[K[?25h[?2026l[?2026h[?25l[A[A[1Gpulling manifest [K
pulling 70c112196e0b: 100% ▕██████████████████▏ 5.8 GB                         [K
pulling 626f9f906274:  17% ▕███               ▏ 154 MB/921 MB  130 MB/s      5s[K[?25h[?2026l[?2026h[?25l[A[A[1Gpulling manifest [K
pulling 70c112196e0b: 100% ▕██████████████████▏ 5.8 GB                         [K
pulling 626f9f906274:  19% ▕███               ▏ 174 MB/921 MB  130 MB/s      5s[K[?25h[?2026l[?2026h[?25l[A[A[1Gpulling manifest [K
pulling 70c112196e0b: 100% ▕██████████████████▏ 5.8 GB                         [K
pulling 626f9f906274:  19% ▕███               ▏ 174 MB/921 MB  130 MB/s      5s[K[?25h[?2026l[?2026h[?25l[A[A[1Gpulling manifest [K
pulling 70c112196e0b: 100% ▕██████████████████▏ 5.8 GB                         [K
pulling 626f9f906274:  20% ▕███               ▏ 187 MB/921 MB  130 MB/s      5s[K[?25h[?2026l[?2026h[?25l[A[A[1Gpulling manifest [K
pulling 70c112196e0b: 100% ▕██████████████████▏ 5.8 GB                         [K
pulling 626f9f906274:  22% ▕████              ▏ 206 MB/921 MB  130 MB/s      5s[K[?25h[?2026l[?2026h[?25l[A[A[1Gpulling manifest [K
pulling 70c112196e0b: 100% ▕██████████████████▏ 5.8 GB                         [K
pulling 626f9f906274:  23% ▕████              ▏ 216 MB/921 MB  130 MB/s      5s[K[?25h[?2026l[?2026h[?25l[A[A[1Gpulling manifest [K
pulling 70c112196e0b: 100% ▕██████████████████▏ 5.8 GB                         [K
pulling 626f9f906274:  26% ▕████              ▏ 235 MB/921 MB  130 MB/s      5s[K[?25h[?2026l[?2026h[?25l[A[A[1Gpulling manifest [K
pulling 70c112196e0b: 100% ▕██████████████████▏ 5.8 GB                         [K
pulling 626f9f906274:  26% ▕████              ▏ 243 MB/921 MB  130 MB/s      5s[K[?25h[?2026l[?2026h[?25l[A[A[1Gpulling manifest [K
pulling 70c112196e0b: 100% ▕██████████████████▏ 5.8 GB                         [K
pulling 626f9f906274:  27% ▕████              ▏ 249 MB/921 MB  130 MB/s      5s[K[?25h[?2026l[?2026h[?25l[A[A[1Gpulling manifest [K
pulling 70c112196e0b: 100% ▕██████████████████▏ 5.8 GB                         [K
pulling 626f9f906274:  29% ▕█████             ▏ 268 MB/921 MB  131 MB/s      4s[K[?25h[?2026l[?2026h[?25l[A[A[1Gpulling manifest [K
pulling 70c112196e0b: 100% ▕██████████████████▏ 5.8 GB                         [K
pulling 626f9f906274:  31% ▕█████             ▏ 288 MB/921 MB  131 MB/s      4s[K[?25h[?2026l[?2026h[?25l[A[A[1Gpulling manifest [K
pulling 70c112196e0b: 100% ▕██████████████████▏ 5.8 GB                         [K
pulling 626f9f906274:  32% ▕█████             ▏ 297 MB/921 MB  131 MB/s      4s[K[?25h[?2026l[?2026h[?25l[A[A[1Gpulling manifest [K
pulling 70c112196e0b: 100% ▕██████████████████▏ 5.8 GB                         [K
pulling 626f9f906274:  34% ▕██████            ▏ 310 MB/921 MB  131 MB/s      4s[K[?25h[?2026l[?2026h[?25l[A[A[1Gpulling manifest [K
pulling 70c112196e0b: 100% ▕██████████████████▏ 5.8 GB                         [K
pulling 626f9f906274:  35% ▕██████            ▏ 319 MB/921 MB  131 MB/s      4s[K[?25h[?2026l[?2026h[?25l[A[A[1Gpulling manifest [K
pulling 70c112196e0b: 100% ▕██████████████████▏ 5.8 GB                         [K
pulling 626f9f906274:  36% ▕██████            ▏ 329 MB/921 MB  131 MB/s      4s[K[?25h[?2026l[?2026h[?25l[A[A[1Gpulling manifest [K
pulling 70c112196e0b: 100% ▕██████████████████▏ 5.8 GB                         [K
pulling 626f9f906274:  38% ▕██████            ▏ 348 MB/921 MB  131 MB/s      4s[K[?25h[?2026l[?2026h[?25l[A[A[1Gpulling manifest [K
pulling 70c112196e0b: 100% ▕██████████████████▏ 5.8 GB                         [K
pulling 626f9f906274:  40% ▕███████           ▏ 368 MB/921 MB  131 MB/s      4s[K[?25h[?2026l[?2026h[?25l[A[A[1Gpulling manifest [K
pulling 70c112196e0b: 100% ▕██████████████████▏ 5.8 GB                         [K
pulling 626f9f906274:  41% ▕███████           ▏ 378 MB/921 MB  131 MB/s      4s[K[?25h[?2026l[?2026h[?25l[A[A[1Gpulling manifest [K
pulling 70c112196e0b: 100% ▕██████████████████▏ 5.8 GB                         [K
pulling 626f9f906274:  42% ▕███████           ▏ 382 MB/921 MB  131 MB/s      4s[K[?25h[?2026l[?2026h[?25l[A[A[1Gpulling manifest [K
pulling 70c112196e0b: 100% ▕██████████████████▏ 5.8 GB                         [K
pulling 626f9f906274:  44% ▕███████           ▏ 403 MB/921 MB  132 MB/s      3s[K[?25h[?2026l[?2026h[?25l[A[A[1Gpulling manifest [K
pulling 70c112196e0b: 100% ▕██████████████████▏ 5.8 GB                         [K
pulling 626f9f906274:  45% ▕████████          ▏ 412 MB/921 MB  132 MB/s      3s[K[?25h[?2026l[?2026h[?25l[A[A[1Gpulling manifest [K
pulling 70c112196e0b: 100% ▕██████████████████▏ 5.8 GB                         [K
pulling 626f9f906274:  47% ▕████████          ▏ 431 MB/921 MB  132 MB/s      3s[K[?25h[?2026l[?2026h[?25l[A[A[1Gpulling manifest [K
pulling 70c112196e0b: 100% ▕██████████████████▏ 5.8 GB                         [K
pulling 626f9f906274:  49% ▕████████          ▏ 450 MB/921 MB  132 MB/s      3s[K[?25h[?2026l[?2026h[?25l[A[A[1Gpulling manifest [K
pulling 70c112196e0b: 100% ▕██████████████████▏ 5.8 GB                         [K
pulling 626f9f906274:  49% ▕████████          ▏ 450 MB/921 MB  132 MB/s      3s[K[?25h[?2026l[?2026h[?25l[A[A[1Gpulling manifest [K
pulling 70c112196e0b: 100% ▕██████████████████▏ 5.8 GB                         [K
pulling 626f9f906274:  50% ▕█████████         ▏ 463 MB/921 MB  132 MB/s      3s[K[?25h[?2026l[?2026h[?25l[A[A[1Gpulling manifest [K
pulling 70c112196e0b: 100% ▕██████████████████▏ 5.8 GB                         [K
pulling 626f9f906274:  52% ▕█████████         ▏ 482 MB/921 MB  132 MB/s      3s[K[?25h[?2026l[?2026h[?25l[A[A[1Gpulling manifest [K
pulling 70c112196e0b: 100% ▕██████████████████▏ 5.8 GB                         [K
pulling 626f9f906274:  53% ▕█████████         ▏ 493 MB/921 MB  132 MB/s      3s[K[?25h[?2026l[?2026h[?25l[A[A[1Gpulling manifest [K
pulling 70c112196e0b: 100% ▕██████████████████▏ 5.8 GB                         [K
pulling 626f9f906274:  56% ▕██████████        ▏ 512 MB/921 MB  132 MB/s      3s[K[?25h[?2026l[?2026h[?25l[A[A[1Gpulling manifest [K
pulling 70c112196e0b: 100% ▕██████████████████▏ 5.8 GB                         [K
pulling 626f9f906274:  56% ▕██████████        ▏ 519 MB/921 MB  132 MB/s      3s[K[?25h[?2026l[?2026h[?25l[A[A[1Gpulling manifest [K
pulling 70c112196e0b: 100% ▕██████████████████▏ 5.8 GB                         [K
pulling 626f9f906274:  57% ▕██████████        ▏ 527 MB/921 MB  132 MB/s      2s[K[?25h[?2026l[?2026h[?25l[A[A[1Gpulling manifest [K
pulling 70c112196e0b: 100% ▕██████████████████▏ 5.8 GB                         [K
pulling 626f9f906274:  59% ▕██████████        ▏ 546 MB/921 MB  132 MB/s      2s[K[?25h[?2026l[?2026h[?25l[A[A[1Gpulling manifest [K
pulling 70c112196e0b: 100% ▕██████████████████▏ 5.8 GB                         [K
pulling 626f9f906274:  61% ▕███████████       ▏ 565 MB/921 MB  132 MB/s      2s[K[?25h[?2026l[?2026h[?25l[A[A[1Gpulling manifest [K
pulling 70c112196e0b: 100% ▕██████████████████▏ 5.8 GB                         [K
pulling 626f9f906274:  62% ▕███████████       ▏ 574 MB/921 MB  132 MB/s      2s[K[?25h[?2026l[?2026h[?25l[A[A[1Gpulling manifest [K
pulling 70c112196e0b: 100% ▕██████████████████▏ 5.8 GB                         [K
pulling 626f9f906274:  64% ▕███████████       ▏ 587 MB/921 MB  132 MB/s      2s[K[?25h[?2026l[?2026h[?25l[A[A[1Gpulling manifest [K
pulling 70c112196e0b: 100% ▕██████████████████▏ 5.8 GB                         [K
pulling 626f9f906274:  65% ▕███████████       ▏ 598 MB/921 MB  132 MB/s      2s[K[?25h[?2026l[?2026h[?25l[A[A[1Gpulling manifest [K
pulling 70c112196e0b: 100% ▕██████████████████▏ 5.8 GB                         [K
pulling 626f9f906274:  66% ▕███████████       ▏ 607 MB/921 MB  132 MB/s      2s[K[?25h[?2026l[?2026h[?25l[A[A[1Gpulling manifest [K
pulling 70c112196e0b: 100% ▕██████████████████▏ 5.8 GB                         [K
pulling 626f9f906274:  68% ▕████████████      ▏ 625 MB/921 MB  132 MB/s      2s[K[?25h[?2026l[?2026h[?25l[A[A[1Gpulling manifest [K
pulling 70c112196e0b: 100% ▕██████████████████▏ 5.8 GB                         [K
pulling 626f9f906274:  70% ▕████████████      ▏ 645 MB/921 MB  132 MB/s      2s[K[?25h[?2026l[?2026h[?25l[A[A[1Gpulling manifest [K
pulling 70c112196e0b: 100% ▕██████████████████▏ 5.8 GB                         [K
pulling 626f9f906274:  71% ▕████████████      ▏ 652 MB/921 MB  132 MB/s      2s[K[?25h[?2026l[?2026h[?25l[A[A[1Gpulling manifest [K
pulling 70c112196e0b: 100% ▕██████████████████▏ 5.8 GB                         [K
pulling 626f9f906274:  71% ▕████████████      ▏ 656 MB/921 MB  132 MB/s      1s[K[?25h[?2026l[?2026h[?25l[A[A[1Gpulling manifest [K
pulling 70c112196e0b: 100% ▕██████████████████▏ 5.8 GB                         [K
pulling 626f9f906274:  73% ▕█████████████     ▏ 674 MB/921 MB  131 MB/s      1s[K[?25h[?2026l[?2026h[?25l[A[A[1Gpulling manifest [K
pulling 70c112196e0b: 100% ▕██████████████████▏ 5.8 GB                         [K
pulling 626f9f906274:  74% ▕█████████████     ▏ 684 MB/921 MB  131 MB/s      1s[K[?25h[?2026l[?2026h[?25l[A[A[1Gpulling manifest [K
pulling 70c112196e0b: 100% ▕██████████████████▏ 5.8 GB                         [K
pulling 626f9f906274:  76% ▕█████████████     ▏ 704 MB/921 MB  131 MB/s      1s[K[?25h[?2026l[?2026h[?25l[A[A[1Gpulling manifest [K
pulling 70c112196e0b: 100% ▕██████████████████▏ 5.8 GB                         [K
pulling 626f9f906274:  78% ▕██████████████    ▏ 717 MB/921 MB  131 MB/s      1s[K[?25h[?2026l[?2026h[?25l[A[A[1Gpulling manifest [K
pulling 70c112196e0b: 100% ▕██████████████████▏ 5.8 GB                         [K
pulling 626f9f906274:  78% ▕██████████████    ▏ 717 MB/921 MB  131 MB/s      1s[K[?25h[?2026l[?2026h[?25l[A[A[1Gpulling manifest [K
pulling 70c112196e0b: 100% ▕██████████████████▏ 5.8 GB                         [K
pulling 626f9f906274:  79% ▕██████████████    ▏ 730 MB/921 MB  131 MB/s      1s[K[?25h[?2026l[?2026h[?25l[A[A[1Gpulling manifest [K
pulling 70c112196e0b: 100% ▕██████████████████▏ 5.8 GB                         [K
pulling 626f9f906274:  81% ▕██████████████    ▏ 750 MB/921 MB  131 MB/s      1s[K[?25h[?2026l[?2026h[?25l[A[A[1Gpulling manifest [K
pulling 70c112196e0b: 100% ▕██████████████████▏ 5.8 GB                         [K
pulling 626f9f906274:  82% ▕██████████████    ▏ 759 MB/921 MB  131 MB/s      1s[K[?25h[?2026l[?2026h[?25l[A[A[1Gpulling manifest [K
pulling 70c112196e0b: 100% ▕██████████████████▏ 5.8 GB                         [K
pulling 626f9f906274:  84% ▕███████████████   ▏ 776 MB/921 MB  131 MB/s      1s[K[?25h[?2026l[?2026h[?25l[A[A[1Gpulling manifest [K
pulling 70c112196e0b: 100% ▕██████████████████▏ 5.8 GB                         [K
pulling 626f9f906274:  85% ▕███████████████   ▏ 783 MB/921 MB  131 MB/s      1s[K[?25h[?2026l[?2026h[?25l[A[A[1Gpulling manifest [K
pulling 70c112196e0b: 100% ▕██████████████████▏ 5.8 GB                         [K
pulling 626f9f906274:  85% ▕███████████████   ▏ 787 MB/921 MB  130 MB/s      1s[K[?25h[?2026l[?2026h[?25l[A[A[1Gpulling manifest [K
pulling 70c112196e0b: 100% ▕██████████████████▏ 5.8 GB                         [K
pulling 626f9f906274:  88% ▕███████████████   ▏ 808 MB/921 MB  130 MB/s      0s[K[?25h[?2026l[?2026h[?25l[A[A[1Gpulling manifest [K
pulling 70c112196e0b: 100% ▕██████████████████▏ 5.8 GB                         [K
pulling 626f9f906274:  89% ▕████████████████  ▏ 824 MB/921 MB  130 MB/s      0s[K[?25h[?2026l[?2026h[?25l[A[A[1Gpulling manifest [K
pulling 70c112196e0b: 100% ▕██████████████████▏ 5.8 GB                         [K
pulling 626f9f906274:  90% ▕████████████████  ▏ 833 MB/921 MB  130 MB/s      0s[K[?25h[?2026l[?2026h[?25l[A[A[1Gpulling manifest [K
pulling 70c112196e0b: 100% ▕██████████████████▏ 5.8 GB                         [K
pulling 626f9f906274:  92% ▕████████████████  ▏ 847 MB/921 MB  130 MB/s      0s[K[?25h[?2026l[?2026h[?25l[A[A[1Gpulling manifest [K
pulling 70c112196e0b: 100% ▕██████████████████▏ 5.8 GB                         [K
pulling 626f9f906274:  93% ▕████████████████  ▏ 856 MB/921 MB  130 MB/s      0s[K[?25h[?2026l[?2026h[?25l[A[A[1Gpulling manifest [K
pulling 70c112196e0b: 100% ▕██████████████████▏ 5.8 GB                         [K
pulling 626f9f906274:  94% ▕████████████████  ▏ 865 MB/921 MB  130 MB/s      0s[K[?25h[?2026l[?2026h[?25l[A[A[1Gpulling manifest [K
pulling 70c112196e0b: 100% ▕██████████████████▏ 5.8 GB                         [K
pulling 626f9f906274:  96% ▕█████████████████ ▏ 884 MB/921 MB  130 MB/s      0s[K[?25h[?2026l[?2026h[?25l[A[A[1Gpulling manifest [K
pulling 70c112196e0b: 100% ▕██████████████████▏ 5.8 GB                         [K
pulling 626f9f906274:  98% ▕█████████████████ ▏ 900 MB/921 MB  130 MB/s      0s[K[?25h[?2026l[?2026h[?25l[A[A[1Gpulling manifest [K
pulling 70c112196e0b: 100% ▕██████████████████▏ 5.8 GB                         [K
pulling 626f9f906274:  99% ▕█████████████████ ▏ 909 MB/921 MB  130 MB/s      0s[K[?25h[?2026l[?2026h[?25l[A[A[1Gpulling manifest [K
pulling 70c112196e0b: 100% ▕██████████████████▏ 5.8 GB                         [K
pulling 626f9f906274:  99% ▕█████████████████ ▏ 913 MB/921 MB  129 MB/s      0s[K[?25h[?2026l[?2026h[?25l[A[A[1Gpulling manifest [K
pulling 70c112196e0b: 100% ▕██████████████████▏ 5.8 GB                         [K
pulling 626f9f906274: 100% ▕██████████████████▏ 921 MB                         [K[?25h[?2026l[?2026h[?25l[A[A[1Gpulling manifest [K
pulling 70c112196e0b: 100% ▕██████████████████▏ 5.8 GB                         [K
pulling 626f9f906274: 100% ▕██████████████████▏ 921 MB                         [K[?25h[?2026l[?2026h[?25l[A[A[1Gpulling manifest [K
pulling 70c112196e0b: 100% ▕██████████████████▏ 5.8 GB                         [K
pulling 626f9f906274: 100% ▕██████████████████▏ 921 MB                         [K[?25h[?2026l[?2026h[?25l[A[A[1Gpulling manifest [K
pulling 70c112196e0b: 100% ▕██████████████████▏ 5.8 GB                         [K
pulling 626f9f906274: 100% ▕██████████████████▏ 921 MB                         [K[?25h[?2026l[?2026h[?25l[A[A[1Gpulling manifest [K
pulling 70c112196e0b: 100% ▕██████████████████▏ 5.8 GB                         [K
pulling 626f9f906274: 100% ▕██████████████████▏ 921 MB                         [K[?25h[?2026l[?2026h[?25l[A[A[1Gpulling manifest [K
pulling 70c112196e0b: 100% ▕██████████████████▏ 5.8 GB                         [K
pulling 626f9f906274: 100% ▕██████████████████▏ 921 MB                         [K[?25h[?2026l[?2026h[?25l[A[A[1Gpulling manifest [K
pulling 70c112196e0b: 100% ▕██████████████████▏ 5.8 GB                         [K
pulling 626f9f906274: 100% ▕██████████████████▏ 921 MB                         [K[?25h[?2026l[?2026h[?25l[A[A[1Gpulling manifest [K
pulling 70c112196e0b: 100% ▕██████████████████▏ 5.8 GB                         [K
pulling 626f9f906274: 100% ▕██████████████████▏ 921 MB                         [K[?25h[?2026l[?2026h[?25l[A[A[1Gpulling manifest [K
pulling 70c112196e0b: 100% ▕██████████████████▏ 5.8 GB                         [K
pulling 626f9f906274: 100% ▕██████████████████▏ 921 MB                         [K[?25h[?2026l[?2026h[?25l[A[A[1Gpulling manifest [K
pulling 70c112196e0b: 100% ▕██████████████████▏ 5.8 GB                         [K
pulling 626f9f906274: 100% ▕██████████████████▏ 921 MB                         [K[?25h[?2026l[?2026h[?25l[A[A[1Gpulling manifest [K
pulling 70c112196e0b: 100% ▕██████████████████▏ 5.8 GB                         [K
pulling 626f9f906274: 100% ▕██████████████████▏ 921 MB                         [K[?25h[?2026l[?2026h[?25l[A[A[1Gpulling manifest [K
pulling 70c112196e0b: 100% ▕██████████████████▏ 5.8 GB                         [K
pulling 626f9f906274: 100% ▕██████████████████▏ 921 MB                         [K[?25h[?2026l[?2026h[?25l[A[A[1Gpulling manifest [K
pulling 70c112196e0b: 100% ▕██████████████████▏ 5.8 GB                         [K
pulling 626f9f906274: 100% ▕██████████████████▏ 921 MB                         [K[?25h[?2026l[?2026h[?25l[A[A[1Gpulling manifest [K
pulling 70c112196e0b: 100% ▕██████████████████▏ 5.8 GB                         [K
pulling 626f9f906274: 100% ▕██████████████████▏ 921 MB                         [K[?25h[?2026l[?2026h[?25l[A[A[1Gpulling manifest [K
pulling 70c112196e0b: 100% ▕██████████████████▏ 5.8 GB                         [K
pulling 626f9f906274: 100% ▕██████████████████▏ 921 MB                         [K[?25h[?2026l[?2026h[?25l[A[A[1Gpulling manifest [K
pulling 70c112196e0b: 100% ▕██████████████████▏ 5.8 GB                         [K
pulling 626f9f906274: 100% ▕██████████████████▏ 921 MB                         [K[?25h[?2026l[?2026h[?25l[A[A[1Gpulling manifest [K
pulling 70c112196e0b: 100% ▕██████████████████▏ 5.8 GB                         [K
pulling 626f9f906274: 100% ▕██████████████████▏ 921 MB                         [K[?25h[?2026l[?2026h[?25l[A[A[1Gpulling manifest [K
pulling 70c112196e0b: 100% ▕██████████████████▏ 5.8 GB                         [K
pulling 626f9f906274: 100% ▕██████████████████▏ 921 MB                         [K[?25h[?2026l[?2026h[?25l[A[A[1Gpulling manifest [K
pulling 70c112196e0b: 100% ▕██████████████████▏ 5.8 GB                         [K
pulling 626f9f906274: 100% ▕██████████████████▏ 921 MB                         [K[?25h[?2026l[?2026h[?25l[A[A[1Gpulling manifest [K
pulling 70c112196e0b: 100% ▕██████████████████▏ 5.8 GB                         [K
pulling 626f9f906274: 100% ▕██████████████████▏ 921 MB                         [K[?25h[?2026l[?2026h[?25l[A[A[1Gpulling manifest [K
pulling 70c112196e0b: 100% ▕██████████████████▏ 5.8 GB                         [K
pulling 626f9f906274: 100% ▕██████████████████▏ 921 MB                         [K[?25h[?2026l[?2026h[?25l[A[A[1Gpulling manifest [K
pulling 70c112196e0b: 100% ▕██████████████████▏ 5.8 GB                         [K
pulling 626f9f906274: 100% ▕██████████████████▏ 921 MB                         [K[?25h[?2026l[?2026h[?25l[A[A[1Gpulling manifest [K
pulling 70c112196e0b: 100% ▕██████████████████▏ 5.8 GB                         [K
pulling 626f9f906274: 100% ▕██████████████████▏ 921 MB                         [K
verifying sha256 digest ⠋ [K[?25h[?2026l[?2026h[?25l[A[A[A[1Gpulling manifest [K
pulling 70c112196e0b: 100% ▕██████████████████▏ 5.8 GB                         [K
pulling 626f9f906274: 100% ▕██████████████████▏ 921 MB                         [K
verifying sha256 digest ⠙ [K[?25h[?2026l[?2026h[?25l[A[A[A[1Gpulling manifest [K
pulling 70c112196e0b: 100% ▕██████████████████▏ 5.8 GB                         [K
pulling 626f9f906274: 100% ▕██████████████████▏ 921 MB                         [K
verifying sha256 digest ⠹ [K[?25h[?2026l[?2026h[?25l[A[A[A[1Gpulling manifest [K
pulling 70c112196e0b: 100% ▕██████████████████▏ 5.8 GB                         [K
pulling 626f9f906274: 100% ▕██████████████████▏ 921 MB                         [K
verifying sha256 digest ⠸ [K[?25h[?2026l[?2026h[?25l[A[A[A[1Gpulling manifest [K
pulling 70c112196e0b: 100% ▕██████████████████▏ 5.8 GB                         [K
pulling 626f9f906274: 100% ▕██████████████████▏ 921 MB                         [K
verifying sha256 digest ⠼ [K[?25h[?2026l[?2026h[?25l[A[A[A[1Gpulling manifest [K
pulling 70c112196e0b: 100% ▕██████████████████▏ 5.8 GB                         [K
pulling 626f9f906274: 100% ▕██████████████████▏ 921 MB                         [K
verifying sha256 digest ⠴ [K[?25h[?2026l[?2026h[?25l[A[A[A[1Gpulling manifest [K
pulling 70c112196e0b: 100% ▕██████████████████▏ 5.8 GB                         [K
pulling 626f9f906274: 100% ▕██████████████████▏ 921 MB                         [K
verifying sha256 digest ⠦ [K[?25h[?2026l[?2026h[?25l[A[A[A[1Gpulling manifest [K
pulling 70c112196e0b: 100% ▕██████████████████▏ 5.8 GB                         [K
pulling 626f9f906274: 100% ▕██████████████████▏ 921 MB                         [K
verifying sha256 digest ⠧ [K[?25h[?2026l[?2026h[?25l[A[A[A[1Gpulling manifest [K
pulling 70c112196e0b: 100% ▕██████████████████▏ 5.8 GB                         [K
pulling 626f9f906274: 100% ▕██████████████████▏ 921 MB                         [K
verifying sha256 digest ⠇ [K[?25h[?2026l[?2026h[?25l[A[A[A[1Gpulling manifest [K
pulling 70c112196e0b: 100% ▕██████████████████▏ 5.8 GB                         [K
pulling 626f9f906274: 100% ▕██████████████████▏ 921 MB                         [K
verifying sha256 digest ⠏ [K[?25h[?2026l[?2026h[?25l[A[A[A[1Gpulling manifest [K
pulling 70c112196e0b: 100% ▕██████████████████▏ 5.8 GB                         [K
pulling 626f9f906274: 100% ▕██████████████████▏ 921 MB                         [K
verifying sha256 digest ⠋ [K[?25h[?2026l[?2026h[?25l[A[A[A[1Gpulling manifest [K
pulling 70c112196e0b: 100% ▕██████████████████▏ 5.8 GB                         [K
pulling 626f9f906274: 100% ▕██████████████████▏ 921 MB                         [K
verifying sha256 digest ⠙ [K[?25h[?2026l[?2026h[?25l[A[A[A[1Gpulling manifest [K
pulling 70c112196e0b: 100% ▕██████████████████▏ 5.8 GB                         [K
pulling 626f9f906274: 100% ▕██████████████████▏ 921 MB                         [K
verifying sha256 digest ⠹ [K[?25h[?2026l[?2026h[?25l[A[A[A[1Gpulling manifest [K
pulling 70c112196e0b: 100% ▕██████████████████▏ 5.8 GB                         [K
pulling 626f9f906274: 100% ▕██████████████████▏ 921 MB                         [K
verifying sha256 digest ⠸ [K[?25h[?2026l[?2026h[?25l[A[A[A[1Gpulling manifest [K
pulling 70c112196e0b: 100% ▕██████████████████▏ 5.8 GB                         [K
pulling 626f9f906274: 100% ▕██████████████████▏ 921 MB                         [K
verifying sha256 digest ⠼ [K[?25h[?2026l[?2026h[?25l[A[A[A[1Gpulling manifest [K
pulling 70c112196e0b: 100% ▕██████████████████▏ 5.8 GB                         [K
pulling 626f9f906274: 100% ▕██████████████████▏ 921 MB                         [K
verifying sha256 digest ⠴ [K[?25h[?2026l[?2026h[?25l[A[A[A[1Gpulling manifest [K
pulling 70c112196e0b: 100% ▕██████████████████▏ 5.8 GB                         [K
pulling 626f9f906274: 100% ▕██████████████████▏ 921 MB                         [K
verifying sha256 digest ⠦ [K[?25h[?2026l[?2026h[?25l[A[A[A[1Gpulling manifest [K
pulling 70c112196e0b: 100% ▕██████████████████▏ 5.8 GB                         [K
pulling 626f9f906274: 100% ▕██████████████████▏ 921 MB                         [K
verifying sha256 digest ⠧ [K[?25h[?2026l[?2026h[?25l[A[A[A[1Gpulling manifest [K
pulling 70c112196e0b: 100% ▕██████████████████▏ 5.8 GB                         [K
pulling 626f9f906274: 100% ▕██████████████████▏ 921 MB                         [K
verifying sha256 digest ⠇ [K[?25h[?2026l[?2026h[?25l[A[A[A[1Gpulling manifest [K
pulling 70c112196e0b: 100% ▕██████████████████▏ 5.8 GB                         [K
pulling 626f9f906274: 100% ▕██████████████████▏ 921 MB                         [K
verifying sha256 digest ⠏ [K[?25h[?2026l[?2026h[?25l[A[A[A[1Gpulling manifest [K
pulling 70c112196e0b: 100% ▕██████████████████▏ 5.8 GB                         [K
pulling 626f9f906274: 100% ▕██████████████████▏ 921 MB                         [K
verifying sha256 digest ⠋ [K[?25h[?2026l[?2026h[?25l[A[A[A[1Gpulling manifest [K
pulling 70c112196e0b: 100% ▕██████████████████▏ 5.8 GB                         [K
pulling 626f9f906274: 100% ▕██████████████████▏ 921 MB                         [K
verifying sha256 digest ⠙ [K[?25h[?2026l[?2026h[?25l[A[A[A[1Gpulling manifest [K
pulling 70c112196e0b: 100% ▕██████████████████▏ 5.8 GB                         [K
pulling 626f9f906274: 100% ▕██████████████████▏ 921 MB                         [K
verifying sha256 digest ⠹ [K[?25h[?2026l[?2026h[?25l[A[A[A[1Gpulling manifest [K
pulling 70c112196e0b: 100% ▕██████████████████▏ 5.8 GB                         [K
pulling 626f9f906274: 100% ▕██████████████████▏ 921 MB                         [K
verifying sha256 digest ⠸ [K[?25h[?2026l[?2026h[?25l[A[A[A[1Gpulling manifest [K
pulling 70c112196e0b: 100% ▕██████████████████▏ 5.8 GB                         [K
pulling 626f9f906274: 100% ▕██████████████████▏ 921 MB                         [K
verifying sha256 digest ⠼ [K[?25h[?2026l[?2026h[?25l[A[A[A[1Gpulling manifest [K
pulling 70c112196e0b: 100% ▕██████████████████▏ 5.8 GB                         [K
pulling 626f9f906274: 100% ▕██████████████████▏ 921 MB                         [K
verifying sha256 digest ⠴ [K[?25h[?2026l[?2026h[?25l[A[A[A[1Gpulling manifest [K
pulling 70c112196e0b: 100% ▕██████████████████▏ 5.8 GB                         [K
pulling 626f9f906274: 100% ▕██████████████████▏ 921 MB                         [K
verifying sha256 digest ⠦ [K[?25h[?2026l[?2026h[?25l[A[A[A[1Gpulling manifest [K
pulling 70c112196e0b: 100% ▕██████████████████▏ 5.8 GB                         [K
pulling 626f9f906274: 100% ▕██████████████████▏ 921 MB                         [K
verifying sha256 digest ⠧ [K[?25h[?2026l[?2026h[?25l[A[A[A[1Gpulling manifest [K
pulling 70c112196e0b: 100% ▕██████████████████▏ 5.8 GB                         [K
pulling 626f9f906274: 100% ▕██████████████████▏ 921 MB                         [K
verifying sha256 digest ⠇ [K[?25h[?2026l[?2026h[?25l[A[A[A[1Gpulling manifest [K
pulling 70c112196e0b: 100% ▕██████████████████▏ 5.8 GB                         [K
pulling 626f9f906274: 100% ▕██████████████████▏ 921 MB                         [K
verifying sha256 digest ⠏ [K[?25h[?2026l[?2026h[?25l[A[A[A[1Gpulling manifest [K
pulling 70c112196e0b: 100% ▕██████████████████▏ 5.8 GB                         [K
pulling 626f9f906274: 100% ▕██████████████████▏ 921 MB                         [K
verifying sha256 digest ⠋ [K[?25h[?2026l[?2026h[?25l[A[A[A[1Gpulling manifest [K
pulling 70c112196e0b: 100% ▕██████████████████▏ 5.8 GB                         [K
pulling 626f9f906274: 100% ▕██████████████████▏ 921 MB                         [K
verifying sha256 digest ⠙ [K[?25h[?2026l[?2026h[?25l[A[A[A[1Gpulling manifest [K
pulling 70c112196e0b: 100% ▕██████████████████▏ 5.8 GB                         [K
pulling 626f9f906274: 100% ▕██████████████████▏ 921 MB                         [K
verifying sha256 digest ⠹ [K[?25h[?2026l[?2026h[?25l[A[A[A[1Gpulling manifest [K
pulling 70c112196e0b: 100% ▕██████████████████▏ 5.8 GB                         [K
pulling 626f9f906274: 100% ▕██████████████████▏ 921 MB                         [K
verifying sha256 digest ⠸ [K[?25h[?2026l[?2026h[?25l[A[A[A[1Gpulling manifest [K
pulling 70c112196e0b: 100% ▕██████████████████▏ 5.8 GB                         [K
pulling 626f9f906274: 100% ▕██████████████████▏ 921 MB                         [K
verifying sha256 digest [K
writing manifest [K
success [K[?25h[?2026l
=== gemma4-12b-qat: trying gemma4:12b-it-qat ===
[?2026h[?25l[1Gpulling manifest ⠋ [K[?25h[?2026l[?2026h[?25l[1Gpulling manifest ⠙ [K[?25h[?2026l[?2026h[?25l[1Gpulling manifest ⠹ [K[?25h[?2026l[?2026h[?25l[1Gpulling manifest ⠸ [K[?25h[?2026l[?2026h[?25l[1Gpulling manifest ⠼ [K[?25h[?2026l[?2026h[?25l[1Gpulling manifest ⠴ [K[?25h[?2026l[?2026h[?25l[1Gpulling manifest ⠦ [K[?25h[?2026l[?2026h[?25l[1Gpulling manifest ⠧ [K[?25h[?2026l[?2026h[?25l[1Gpulling manifest ⠇ [K[?25h[?2026l[?2026h[?25l[1Gpulling manifest ⠏ [K[?25h[?2026l[?2026h[?25l[1Gpulling manifest ⠋ [K[?25h[?2026l[?2026h[?25l[1Gpulling manifest ⠙ [K[?25h[?2026l[?2026h[?25l[1Gpulling manifest ⠹ [K[?25h[?2026l[?2026h[?25l[1Gpulling manifest ⠸ [K[?25h[?2026l[?2026h[?25l[1Gpulling manifest [K
pulling faff1a63667f:   0% ▕                  ▏ 1.8 MB/7.0 GB                  [K[?25h[?2026l[?2026h[?25l[A[1Gpulling manifest [K
pulling faff1a63667f:   0% ▕                  ▏ 8.7 MB/7.0 GB                  [K[?25h[?2026l[?2026h[?25l[A[1Gpulling manifest [K
pulling faff1a63667f:   0% ▕                  ▏  10 MB/7.0 GB                  [K[?25h[?2026l[?2026h[?25l[A[1Gpulling manifest [K
pulling faff1a63667f:   0% ▕                  ▏  32 MB/7.0 GB                  [K[?25h[?2026l[?2026h[?25l[A[1Gpulling manifest [K
pulling faff1a63667f:   1% ▕                  ▏  51 MB/7.0 GB                  [K[?25h[?2026l[?2026h[?25l[A[1Gpulling manifest [K
pulling faff1a63667f:   1% ▕                  ▏  55 MB/7.0 GB                  [K[?25h[?2026l[?2026h[?25l[A[1Gpulling manifest [K
pulling faff1a63667f:   1% ▕                  ▏  75 MB/7.0 GB                  [K[?25h[?2026l[?2026h[?25l[A[1Gpulling manifest [K
pulling faff1a63667f:   1% ▕                  ▏  80 MB/7.0 GB                  [K[?25h[?2026l[?2026h[?25l[A[1Gpulling manifest [K
pulling faff1a63667f:   1% ▕                  ▏  91 MB/7.0 GB                  [K[?25h[?2026l[?2026h[?25l[A[1Gpulling manifest [K
pulling faff1a63667f:   2% ▕                  ▏ 109 MB/7.0 GB                  [K[?25h[?2026l[?2026h[?25l[A[1Gpulling manifest [K
pulling faff1a63667f:   2% ▕                  ▏ 125 MB/7.0 GB  124 MB/s     55s[K[?25h[?2026l[?2026h[?25l[A[1Gpulling manifest [K
pulling faff1a63667f:   2% ▕                  ▏ 139 MB/7.0 GB  124 MB/s     55s[K[?25h[?2026l[?2026h[?25l[A[1Gpulling manifest [K
pulling faff1a63667f:   2% ▕                  ▏ 144 MB/7.0 GB  124 MB/s     55s[K[?25h[?2026l[?2026h[?25l[A[1Gpulling manifest [K
pulling faff1a63667f:   2% ▕                  ▏ 155 MB/7.0 GB  124 MB/s     54s[K[?25h[?2026l[?2026h[?25l[A[1Gpulling manifest [K
pulling faff1a63667f:   2% ▕                  ▏ 157 MB/7.0 GB  124 MB/s     54s[K[?25h[?2026l[?2026h[?25l[A[1Gpulling manifest [K
pulling faff1a63667f:   3% ▕                  ▏ 178 MB/7.0 GB  124 MB/s     54s[K[?25h[?2026l[?2026h[?25l[A[1Gpulling manifest [K
pulling faff1a63667f:   3% ▕                  ▏ 192 MB/7.0 GB  124 MB/s     54s[K[?25h[?2026l[?2026h[?25l[A[1Gpulling manifest [K
pulling faff1a63667f:   3% ▕                  ▏ 196 MB/7.0 GB  124 MB/s     54s[K[?25h[?2026l[?2026h[?25l[A[1Gpulling manifest [K
pulling faff1a63667f:   3% ▕                  ▏ 208 MB/7.0 GB  124 MB/s     54s[K[?25h[?2026l[?2026h[?25l[A[1Gpulling manifest [K
pulling faff1a63667f:   3% ▕                  ▏ 228 MB/7.0 GB  124 MB/s     54s[K[?25h[?2026l[?2026h[?25l[A[1Gpulling manifest [K
pulling faff1a63667f:   3% ▕                  ▏ 238 MB/7.0 GB  124 MB/s     54s[K[?25h[?2026l[?2026h[?25l[A[1Gpulling manifest [K
pulling faff1a63667f:   4% ▕                  ▏ 252 MB/7.0 GB  122 MB/s     54s[K[?25h[?2026l[?2026h[?25l[A[1Gpulling manifest [K
pulling faff1a63667f:   4% ▕                  ▏ 264 MB/7.0 GB  122 MB/s     54s[K[?25h[?2026l[?2026h[?25l[A[1Gpulling manifest [K
pulling faff1a63667f:   4% ▕                  ▏ 268 MB/7.0 GB  122 MB/s     54s[K[?25h[?2026l[?2026h[?25l[A[1Gpulling manifest [K
pulling faff1a63667f:   4% ▕                  ▏ 287 MB/7.0 GB  122 MB/s     54s[K[?25h[?2026l[?2026h[?25l[A[1Gpulling manifest [K
pulling faff1a63667f:   4% ▕                  ▏ 307 MB/7.0 GB  122 MB/s     54s[K[?25h[?2026l[?2026h[?25l[A[1Gpulling manifest [K
pulling faff1a63667f:   5% ▕                  ▏ 316 MB/7.0 GB  122 MB/s     54s[K[?25h[?2026l[?2026h[?25l[A[1Gpulling manifest [K
pulling faff1a63667f:   5% ▕                  ▏ 332 MB/7.0 GB  122 MB/s     54s[K[?25h[?2026l[?2026h[?25l[A[1Gpulling manifest [K
pulling faff1a63667f:   5% ▕                  ▏ 336 MB/7.0 GB  122 MB/s     54s[K[?25h[?2026l[?2026h[?25l[A[1Gpulling manifest [K
pulling faff1a63667f:   5% ▕                  ▏ 348 MB/7.0 GB  122 MB/s     54s[K[?25h[?2026l[?2026h[?25l[A[1Gpulling manifest [K
pulling faff1a63667f:   5% ▕                  ▏ 363 MB/7.0 GB  122 MB/s     53s[K[?25h[?2026l[?2026h[?25l[A[1Gpulling manifest [K
pulling faff1a63667f:   6% ▕                  ▏ 386 MB/7.0 GB  125 MB/s     52s[K[?25h[?2026l[?2026h[?25l[A[1Gpulling manifest [K
pulling faff1a63667f:   6% ▕█                 ▏ 395 MB/7.0 GB  125 MB/s     52s[K[?25h[?2026l[?2026h[?25l[A[1Gpulling manifest [K
pulling faff1a63667f:   6% ▕█                 ▏ 400 MB/7.0 GB  125 MB/s     52s[K[?25h[?2026l[?2026h[?25l[A[1Gpulling manifest [K
pulling faff1a63667f:   6% ▕█                 ▏ 419 MB/7.0 GB  125 MB/s     52s[K[?25h[?2026l[?2026h[?25l[A[1Gpulling manifest [K
pulling faff1a63667f:   6% ▕█                 ▏ 429 MB/7.0 GB  125 MB/s     52s[K[?25h[?2026l[?2026h[?25l[A[1Gpulling manifest [K
pulling faff1a63667f:   6% ▕█                 ▏ 447 MB/7.0 GB  125 MB/s     52s[K[?25h[?2026l[?2026h[?25l[A[1Gpulling manifest [K
pulling faff1a63667f:   7% ▕█                 ▏ 464 MB/7.0 GB  125 MB/s     51s[K[?25h[?2026l[?2026h[?25l[A[1Gpulling manifest [K
pulling faff1a63667f:   7% ▕█                 ▏ 468 MB/7.0 GB  125 MB/s     51s[K[?25h[?2026l[?2026h[?25l[A[1Gpulling manifest [K
pulling faff1a63667f:   7% ▕█                 ▏ 479 MB/7.0 GB  125 MB/s     51s[K[?25h[?2026l[?2026h[?25l[A[1Gpulling manifest [K
pulling faff1a63667f:   7% ▕█                 ▏ 498 MB/7.0 GB  125 MB/s     51s[K[?25h[?2026l[?2026h[?25l[A[1Gpulling manifest [K
pulling faff1a63667f:   7% ▕█                 ▏ 504 MB/7.0 GB  125 MB/s     51s[K[?25h[?2026l[?2026h[?25l[A[1Gpulling manifest [K
pulling faff1a63667f:   8% ▕█                 ▏ 526 MB/7.0 GB  125 MB/s     51s[K[?25h[?2026l[?2026h[?25l[A[1Gpulling manifest [K
pulling faff1a63667f:   8% ▕█                 ▏ 530 MB/7.0 GB  125 MB/s     51s[K[?25h[?2026l[?2026h[?25l[A[1Gpulling manifest [K
pulling faff1a63667f:   8% ▕█                 ▏ 536 MB/7.0 GB  125 MB/s     51s[K[?25h[?2026l[?2026h[?25l[A[1Gpulling manifest [K
pulling faff1a63667f:   8% ▕█                 ▏ 558 MB/7.0 GB  125 MB/s     51s[K[?25h[?2026l[?2026h[?25l[A[1Gpulling manifest [K
pulling faff1a63667f:   8% ▕█                 ▏ 578 MB/7.0 GB  125 MB/s     50s[K[?25h[?2026l[?2026h[?25l[A[1Gpulling manifest [K
pulling faff1a63667f:   8% ▕█                 ▏ 586 MB/7.0 GB  125 MB/s     50s[K[?25h[?2026l[?2026h[?25l[A[1Gpulling manifest [K
pulling faff1a63667f:   9% ▕█                 ▏ 602 MB/7.0 GB  125 MB/s     50s[K[?25h[?2026l[?2026h[?25l[A[1Gpulling manifest [K
pulling faff1a63667f:   9% ▕█                 ▏ 607 MB/7.0 GB  125 MB/s     50s[K[?25h[?2026l[?2026h[?25l[A[1Gpulling manifest [K
pulling faff1a63667f:   9% ▕█                 ▏ 618 MB/7.0 GB  125 MB/s     50s[K[?25h[?2026l[?2026h[?25l[A[1Gpulling manifest [K
pulling faff1a63667f:   9% ▕█                 ▏ 638 MB/7.0 GB  127 MB/s     49s[K[?25h[?2026l[?2026h[?25l[A[1Gpulling manifest [K
pulling faff1a63667f:   9% ▕█                 ▏ 655 MB/7.0 GB  127 MB/s     49s[K[?25h[?2026l[?2026h[?25l[A[1Gpulling manifest [K
pulling faff1a63667f:  10% ▕█                 ▏ 666 MB/7.0 GB  127 MB/s     49s[K[?25h[?2026l[?2026h[?25l[A[1Gpulling manifest [K
pulling faff1a63667f:  10% ▕█                 ▏ 671 MB/7.0 GB  127 MB/s     49s[K[?25h[?2026l[?2026h[?25l[A[1Gpulling manifest [K
pulling faff1a63667f:  10% ▕█                 ▏ 691 MB/7.0 GB  127 MB/s     49s[K[?25h[?2026l[?2026h[?25l[A[1Gpulling manifest [K
pulling faff1a63667f:  10% ▕█                 ▏ 701 MB/7.0 GB  127 MB/s     49s[K[?25h[?2026l[?2026h[?25l[A[1Gpulling manifest [K
pulling faff1a63667f:  10% ▕█                 ▏ 719 MB/7.0 GB  127 MB/s     49s[K[?25h[?2026l[?2026h[?25l[A[1Gpulling manifest [K
pulling faff1a63667f:  11% ▕█                 ▏ 737 MB/7.0 GB  127 MB/s     48s[K[?25h[?2026l[?2026h[?25l[A[1Gpulling manifest [K
pulling faff1a63667f:  11% ▕█                 ▏ 739 MB/7.0 GB  127 MB/s     48s[K[?25h[?2026l[?2026h[?25l[A[1Gpulling manifest [K
pulling faff1a63667f:  11% ▕█                 ▏ 750 MB/7.0 GB  127 MB/s     48s[K[?25h[?2026l[?2026h[?25l[A[1Gpulling manifest [K
pulling faff1a63667f:  11% ▕█                 ▏ 764 MB/7.0 GB  127 MB/s     48s[K[?25h[?2026l[?2026h[?25l[A[1Gpulling manifest [K
pulling faff1a63667f:  11% ▕██                ▏ 777 MB/7.0 GB  127 MB/s     48s[K[?25h[?2026l[?2026h[?25l[A[1Gpulling manifest [K
pulling faff1a63667f:  11% ▕██                ▏ 796 MB/7.0 GB  127 MB/s     48s[K[?25h[?2026l[?2026h[?25l[A[1Gpulling manifest [K
pulling faff1a63667f:  12% ▕██                ▏ 805 MB/7.0 GB  127 MB/s     48s[K[?25h[?2026l[?2026h[?25l[A[1Gpulling manifest [K
pulling faff1a63667f:  12% ▕██                ▏ 808 MB/7.0 GB  127 MB/s     48s[K[?25h[?2026l[?2026h[?25l[A[1Gpulling manifest [K
pulling faff1a63667f:  12% ▕██                ▏ 828 MB/7.0 GB  127 MB/s     48s[K[?25h[?2026l[?2026h[?25l[A[1Gpulling manifest [K
pulling faff1a63667f:  12% ▕██                ▏ 848 MB/7.0 GB  127 MB/s     48s[K[?25h[?2026l[?2026h[?25l[A[1Gpulling manifest [K
pulling faff1a63667f:  12% ▕██                ▏ 851 MB/7.0 GB  127 MB/s     48s[K[?25h[?2026l[?2026h[?25l[A[1Gpulling manifest [K
pulling faff1a63667f:  12% ▕██                ▏ 871 MB/7.0 GB  127 MB/s     48s[K[?25h[?2026l[?2026h[?25l[A[1Gpulling manifest [K
pulling faff1a63667f:  13% ▕██                ▏ 876 MB/7.0 GB  127 MB/s     48s[K[?25h[?2026l[?2026h[?25l[A[1Gpulling manifest [K
pulling faff1a63667f:  13% ▕██                ▏ 888 MB/7.0 GB  127 MB/s     47s[K[?25h[?2026l[?2026h[?25l[A[1Gpulling manifest [K
pulling faff1a63667f:  13% ▕██                ▏ 907 MB/7.0 GB  128 MB/s     47s[K[?25h[?2026l[?2026h[?25l[A[1Gpulling manifest [K
pulling faff1a63667f:  13% ▕██                ▏ 927 MB/7.0 GB  128 MB/s     47s[K[?25h[?2026l[?2026h[?25l[A[1Gpulling manifest [K
pulling faff1a63667f:  13% ▕██                ▏ 937 MB/7.0 GB  128 MB/s     47s[K[?25h[?2026l[?2026h[?25l[A[1Gpulling manifest [K
pulling faff1a63667f:  13% ▕██                ▏ 941 MB/7.0 GB  128 MB/s     47s[K[?25h[?2026l[?2026h[?25l[A[1Gpulling manifest [K
pulling faff1a63667f:  14% ▕██                ▏ 960 MB/7.0 GB  128 MB/s     46s[K[?25h[?2026l[?2026h[?25l[A[1Gpulling manifest [K
pulling faff1a63667f:  14% ▕██                ▏ 969 MB/7.0 GB  128 MB/s     46s[K[?25h[?2026l[?2026h[?25l[A[1Gpulling manifest [K
pulling faff1a63667f:  14% ▕██                ▏ 988 MB/7.0 GB  128 MB/s     46s[K[?25h[?2026l[?2026h[?25l[A[1Gpulling manifest [K
pulling faff1a63667f:  14% ▕██                ▏ 1.0 GB/7.0 GB  128 MB/s     46s[K[?25h[?2026l[?2026h[?25l[A[1Gpulling manifest [K
pulling faff1a63667f:  14% ▕██                ▏ 1.0 GB/7.0 GB  128 MB/s     46s[K[?25h[?2026l[?2026h[?25l[A[1Gpulling manifest [K
pulling faff1a63667f:  15% ▕██                ▏ 1.0 GB/7.0 GB  128 MB/s     46s[K[?25h[?2026l[?2026h[?25l[A[1Gpulling manifest [K
pulling faff1a63667f:  15% ▕██                ▏ 1.0 GB/7.0 GB  128 MB/s     46s[K[?25h[?2026l[?2026h[?25l[A[1Gpulling manifest [K
pulling faff1a63667f:  15% ▕██                ▏ 1.0 GB/7.0 GB  128 MB/s     46s[K[?25h[?2026l[?2026h[?25l[A[1Gpulling manifest [K
pulling faff1a63667f:  15% ▕██                ▏ 1.1 GB/7.0 GB  128 MB/s     46s[K[?25h[?2026l[?2026h[?25l[A[1Gpulling manifest [K
pulling faff1a63667f:  15% ▕██                ▏ 1.1 GB/7.0 GB  128 MB/s     45s[K[?25h[?2026l[?2026h[?25l[A[1Gpulling manifest [K
pulling faff1a63667f:  15% ▕██                ▏ 1.1 GB/7.0 GB  128 MB/s     45s[K[?25h[?2026l[?2026h[?25l[A[1Gpulling manifest [K
pulling faff1a63667f:  16% ▕██                ▏ 1.1 GB/7.0 GB  128 MB/s     45s[K[?25h[?2026l[?2026h[?25l[A[1Gpulling manifest [K
pulling faff1a63667f:  16% ▕██                ▏ 1.1 GB/7.0 GB  128 MB/s     45s[K[?25h[?2026l[?2026h[?25l[A[1Gpulling manifest [K
pulling faff1a63667f:  16% ▕██                ▏ 1.1 GB/7.0 GB  128 MB/s     45s[K[?25h[?2026l[?2026h[?25l[A[1Gpulling manifest [K
pulling faff1a63667f:  16% ▕██                ▏ 1.1 GB/7.0 GB  128 MB/s     45s[K[?25h[?2026l[?2026h[?25l[A[1Gpulling manifest [K
pulling faff1a63667f:  16% ▕██                ▏ 1.1 GB/7.0 GB  128 MB/s     45s[K[?25h[?2026l[?2026h[?25l[A[1Gpulling manifest [K
pulling faff1a63667f:  17% ▕██                ▏ 1.2 GB/7.0 GB  128 MB/s     45s[K[?25h[?2026l[?2026h[?25l[A[1Gpulling manifest [K
pulling faff1a63667f:  17% ▕███               ▏ 1.2 GB/7.0 GB  128 MB/s     45s[K[?25h[?2026l[?2026h[?25l[A[1Gpulling manifest [K
pulling faff1a63667f:  17% ▕███               ▏ 1.2 GB/7.0 GB  128 MB/s     44s[K[?25h[?2026l[?2026h[?25l[A[1Gpulling manifest [K
pulling faff1a63667f:  17% ▕███               ▏ 1.2 GB/7.0 GB  128 MB/s     44s[K[?25h[?2026l[?2026h[?25l[A[1Gpulling manifest [K
pulling faff1a63667f:  17% ▕███               ▏ 1.2 GB/7.0 GB  128 MB/s     44s[K[?25h[?2026l[?2026h[?25l[A[1Gpulling manifest [K
pulling faff1a63667f:  18% ▕███               ▏ 1.2 GB/7.0 GB  128 MB/s     44s[K[?25h[?2026l[?2026h[?25l[A[1Gpulling manifest [K
pulling faff1a63667f:  18% ▕███               ▏ 1.2 GB/7.0 GB  128 MB/s     44s[K[?25h[?2026l[?2026h[?25l[A[1Gpulling manifest [K
pulling faff1a63667f:  18% ▕███               ▏ 1.3 GB/7.0 GB  128 MB/s     44s[K[?25h[?2026l[?2026h[?25l[A[1Gpulling manifest [K
pulling faff1a63667f:  18% ▕███               ▏ 1.3 GB/7.0 GB  128 MB/s     44s[K[?25h[?2026l[?2026h[?25l[A[1Gpulling manifest [K
pulling faff1a63667f:  18% ▕███               ▏ 1.3 GB/7.0 GB  128 MB/s     44s[K[?25h[?2026l[?2026h[?25l[A[1Gpulling manifest [K
pulling faff1a63667f:  19% ▕███               ▏ 1.3 GB/7.0 GB  129 MB/s     43s[K[?25h[?2026l[?2026h[?25l[A[1Gpulling manifest [K
pulling faff1a63667f:  19% ▕███               ▏ 1.3 GB/7.0 GB  129 MB/s     43s[K[?25h[?2026l[?2026h[?25l[A[1Gpulling manifest [K
pulling faff1a63667f:  19% ▕███               ▏ 1.3 GB/7.0 GB  129 MB/s     43s[K[?25h[?2026l[?2026h[?25l[A[1Gpulling manifest [K
pulling faff1a63667f:  19% ▕███               ▏ 1.3 GB/7.0 GB  129 MB/s     43s[K[?25h[?2026l[?2026h[?25l[A[1Gpulling manifest [K
pulling faff1a63667f:  19% ▕███               ▏ 1.3 GB/7.0 GB  129 MB/s     43s[K[?25h[?2026l[?2026h[?25l[A[1Gpulling manifest [K
pulling faff1a63667f:  19% ▕███               ▏ 1.3 GB/7.0 GB  129 MB/s     43s[K[?25h[?2026l[?2026h[?25l[A[1Gpulling manifest [K
pulling faff1a63667f:  20% ▕███               ▏ 1.4 GB/7.0 GB  129 MB/s     43s[K[?25h[?2026l[?2026h[?25l[A[1Gpulling manifest [K
pulling faff1a63667f:  20% ▕███               ▏ 1.4 GB/7.0 GB  129 MB/s     43s[K[?25h[?2026l[?2026h[?25l[A[1Gpulling manifest [K
pulling faff1a63667f:  20% ▕███               ▏ 1.4 GB/7.0 GB  129 MB/s     43s[K[?25h[?2026l[?2026h[?25l[A[1Gpulling manifest [K
pulling faff1a63667f:  20% ▕███               ▏ 1.4 GB/7.0 GB  129 MB/s     42s[K[?25h[?2026l[?2026h[?25l[A[1Gpulling manifest [K
pulling faff1a63667f:  20% ▕███               ▏ 1.4 GB/7.0 GB  129 MB/s     42s[K[?25h[?2026l[?2026h[?25l[A[1Gpulling manifest [K
pulling faff1a63667f:  21% ▕███               ▏ 1.4 GB/7.0 GB  129 MB/s     42s[K[?25h[?2026l[?2026h[?25l[A[1Gpulling manifest [K
pulling faff1a63667f:  21% ▕███               ▏ 1.5 GB/7.0 GB  129 MB/s     42s[K[?25h[?2026l[?2026h[?25l[A[1Gpulling manifest [K
pulling faff1a63667f:  21% ▕███               ▏ 1.5 GB/7.0 GB  129 MB/s     42s[K[?25h[?2026l[?2026h[?25l[A[1Gpulling manifest [K
pulling faff1a63667f:  21% ▕███               ▏ 1.5 GB/7.0 GB  129 MB/s     42s[K[?25h[?2026l[?2026h[?25l[A[1Gpulling manifest [K
pulling faff1a63667f:  21% ▕███               ▏ 1.5 GB/7.0 GB  129 MB/s     42s[K[?25h[?2026l[?2026h[?25l[A[1Gpulling manifest [K
pulling faff1a63667f:  22% ▕███               ▏ 1.5 GB/7.0 GB  129 MB/s     42s[K[?25h[?2026l[?2026h[?25l[A[1Gpulling manifest [K
pulling faff1a63667f:  22% ▕███               ▏ 1.5 GB/7.0 GB  129 MB/s     42s[K[?25h[?2026l[?2026h[?25l[A[1Gpulling manifest [K
pulling faff1a63667f:  22% ▕███               ▏ 1.5 GB/7.0 GB  129 MB/s     42s[K[?25h[?2026l[?2026h[?25l[A[1Gpulling manifest [K
pulling faff1a63667f:  22% ▕███               ▏ 1.5 GB/7.0 GB  129 MB/s     41s[K[?25h[?2026l[?2026h[?25l[A[1Gpulling manifest [K
pulling faff1a63667f:  22% ▕███               ▏ 1.5 GB/7.0 GB  129 MB/s     41s[K[?25h[?2026l[?2026h[?25l[A[1Gpulling manifest [K
pulling faff1a63667f:  22% ▕████              ▏ 1.6 GB/7.0 GB  130 MB/s     41s[K[?25h[?2026l[?2026h[?25l[A[1Gpulling manifest [K
pulling faff1a63667f:  23% ▕████              ▏ 1.6 GB/7.0 GB  130 MB/s     41s[K[?25h[?2026l[?2026h[?25l[A[1Gpulling manifest [K
pulling faff1a63667f:  23% ▕████              ▏ 1.6 GB/7.0 GB  130 MB/s     41s[K[?25h[?2026l[?2026h[?25l[A[1Gpulling manifest [K
pulling faff1a63667f:  23% ▕████              ▏ 1.6 GB/7.0 GB  130 MB/s     41s[K[?25h[?2026l[?2026h[?25l[A[1Gpulling manifest [K
pulling faff1a63667f:  23% ▕████              ▏ 1.6 GB/7.0 GB  130 MB/s     41s[K[?25h[?2026l[?2026h[?25l[A[1Gpulling manifest [K
pulling faff1a63667f:  23% ▕████              ▏ 1.6 GB/7.0 GB  130 MB/s     40s[K[?25h[?2026l[?2026h[?25l[A[1Gpulling manifest [K
pulling faff1a63667f:  24% ▕████              ▏ 1.6 GB/7.0 GB  130 MB/s     40s[K[?25h[?2026l[?2026h[?25l[A[1Gpulling manifest [K
pulling faff1a63667f:  24% ▕████              ▏ 1.7 GB/7.0 GB  130 MB/s     40s[K[?25h[?2026l[?2026h[?25l[A[1Gpulling manifest [K
pulling faff1a63667f:  24% ▕████              ▏ 1.7 GB/7.0 GB  130 MB/s     40s[K[?25h[?2026l[?2026h[?25l[A[1Gpulling manifest [K
pulling faff1a63667f:  24% ▕████              ▏ 1.7 GB/7.0 GB  130 MB/s     40s[K[?25h[?2026l[?2026h[?25l[A[1Gpulling manifest [K
pulling faff1a63667f:  24% ▕████              ▏ 1.7 GB/7.0 GB  131 MB/s     40s[K[?25h[?2026l[?2026h[?25l[A[1Gpulling manifest [K
pulling faff1a63667f:  24% ▕████              ▏ 1.7 GB/7.0 GB  131 MB/s     40s[K[?25h[?2026l[?2026h[?25l[A[1Gpulling manifest [K
pulling faff1a63667f:  25% ▕████              ▏ 1.7 GB/7.0 GB  131 MB/s     39s[K[?25h[?2026l[?2026h[?25l[A[1Gpulling manifest [K
pulling faff1a63667f:  25% ▕████              ▏ 1.7 GB/7.0 GB  131 MB/s     39s[K[?25h[?2026l[?2026h[?25l[A[1Gpulling manifest [K
pulling faff1a63667f:  25% ▕████              ▏ 1.8 GB/7.0 GB  131 MB/s     39s[K[?25h[?2026l[?2026h[?25l[A[1Gpulling manifest [K
pulling faff1a63667f:  25% ▕████              ▏ 1.8 GB/7.0 GB  131 MB/s     39s[K[?25h[?2026l[?2026h[?25l[A[1Gpulling manifest [K
pulling faff1a63667f:  25% ▕████              ▏ 1.8 GB/7.0 GB  131 MB/s     39s[K[?25h[?2026l[?2026h[?25l[A[1Gpulling manifest [K
pulling faff1a63667f:  26% ▕████              ▏ 1.8 GB/7.0 GB  131 MB/s     39s[K[?25h[?2026l[?2026h[?25l[A[1Gpulling manifest [K
pulling faff1a63667f:  26% ▕████              ▏ 1.8 GB/7.0 GB  131 MB/s     39s[K[?25h[?2026l[?2026h[?25l[A[1Gpulling manifest [K
pulling faff1a63667f:  26% ▕████              ▏ 1.8 GB/7.0 GB  131 MB/s     39s[K[?25h[?2026l[?2026h[?25l[A[1Gpulling manifest [K
pulling faff1a63667f:  26% ▕████              ▏ 1.8 GB/7.0 GB  131 MB/s     39s[K[?25h[?2026l[?2026h[?25l[A[1Gpulling manifest [K
pulling faff1a63667f:  26% ▕████              ▏ 1.8 GB/7.0 GB  131 MB/s     39s[K[?25h[?2026l[?2026h[?25l[A[1Gpulling manifest [K
pulling faff1a63667f:  27% ▕████              ▏ 1.9 GB/7.0 GB  131 MB/s     38s[K[?25h[?2026l[?2026h[?25l[A[1Gpulling manifest [K
pulling faff1a63667f:  27% ▕████              ▏ 1.9 GB/7.0 GB  131 MB/s     38s[K[?25h[?2026l[?2026h[?25l[A[1Gpulling manifest [K
pulling faff1a63667f:  27% ▕████              ▏ 1.9 GB/7.0 GB  131 MB/s     38s[K[?25h[?2026l[?2026h[?25l[A[1Gpulling manifest [K
pulling faff1a63667f:  27% ▕████              ▏ 1.9 GB/7.0 GB  131 MB/s     38s[K[?25h[?2026l[?2026h[?25l[A[1Gpulling manifest [K
pulling faff1a63667f:  27% ▕████              ▏ 1.9 GB/7.0 GB  131 MB/s     38s[K[?25h[?2026l[?2026h[?25l[A[1Gpulling manifest [K
pulling faff1a63667f:  27% ▕████              ▏ 1.9 GB/7.0 GB  131 MB/s     38s[K[?25h[?2026l[?2026h[?25l[A[1Gpulling manifest [K
pulling faff1a63667f:  28% ▕████              ▏ 1.9 GB/7.0 GB  131 MB/s     38s[K[?25h[?2026l[?2026h[?25l[A[1Gpulling manifest [K
pulling faff1a63667f:  28% ▕█████             ▏ 1.9 GB/7.0 GB  131 MB/s     38s[K[?25h[?2026l[?2026h[?25l[A[1Gpulling manifest [K
pulling faff1a63667f:  28% ▕█████             ▏ 2.0 GB/7.0 GB  132 MB/s     37s[K[?25h[?2026l[?2026h[?25l[A[1Gpulling manifest [K
pulling faff1a63667f:  28% ▕█████             ▏ 2.0 GB/7.0 GB  132 MB/s     37s[K[?25h[?2026l[?2026h[?25l[A[1Gpulling manifest [K
pulling faff1a63667f:  28% ▕█████             ▏ 2.0 GB/7.0 GB  132 MB/s     37s[K[?25h[?2026l[?2026h[?25l[A[1Gpulling manifest [K
pulling faff1a63667f:  29% ▕█████             ▏ 2.0 GB/7.0 GB  132 MB/s     37s[K[?25h[?2026l[?2026h[?25l[A[1Gpulling manifest [K
pulling faff1a63667f:  29% ▕█████             ▏ 2.0 GB/7.0 GB  132 MB/s     37s[K[?25h[?2026l[?2026h[?25l[A[1Gpulling manifest [K
pulling faff1a63667f:  29% ▕█████             ▏ 2.0 GB/7.0 GB  132 MB/s     37s[K[?25h[?2026l[?2026h[?25l[A[1Gpulling manifest [K
pulling faff1a63667f:  29% ▕█████             ▏ 2.0 GB/7.0 GB  132 MB/s     37s[K[?25h[?2026l[?2026h[?25l[A[1Gpulling manifest [K
pulling faff1a63667f:  29% ▕█████             ▏ 2.0 GB/7.0 GB  132 MB/s     37s[K[?25h[?2026l[?2026h[?25l[A[1Gpulling manifest [K
pulling faff1a63667f:  29% ▕█████             ▏ 2.1 GB/7.0 GB  132 MB/s     37s[K[?25h[?2026l[?2026h[?25l[A[1Gpulling manifest [K
pulling faff1a63667f:  30% ▕█████             ▏ 2.1 GB/7.0 GB  132 MB/s     37s[K[?25h[?2026l[?2026h[?25l[A[1Gpulling manifest [K
pulling faff1a63667f:  30% ▕█████             ▏ 2.1 GB/7.0 GB  132 MB/s     36s[K[?25h[?2026l[?2026h[?25l[A[1Gpulling manifest [K
pulling faff1a63667f:  30% ▕█████             ▏ 2.1 GB/7.0 GB  132 MB/s     36s[K[?25h[?2026l[?2026h[?25l[A[1Gpulling manifest [K
pulling faff1a63667f:  30% ▕█████             ▏ 2.1 GB/7.0 GB  132 MB/s     36s[K[?25h[?2026l[?2026h[?25l[A[1Gpulling manifest [K
pulling faff1a63667f:  30% ▕█████             ▏ 2.1 GB/7.0 GB  132 MB/s     36s[K[?25h[?2026l[?2026h[?25l[A[1Gpulling manifest [K
pulling faff1a63667f:  31% ▕█████             ▏ 2.1 GB/7.0 GB  132 MB/s     36s[K[?25h[?2026l[?2026h[?25l[A[1Gpulling manifest [K
pulling faff1a63667f:  31% ▕█████             ▏ 2.2 GB/7.0 GB  132 MB/s     36s[K[?25h[?2026l[?2026h[?25l[A[1Gpulling manifest [K
pulling faff1a63667f:  31% ▕█████             ▏ 2.2 GB/7.0 GB  132 MB/s     36s[K[?25h[?2026l[?2026h[?25l[A[1Gpulling manifest [K
pulling faff1a63667f:  31% ▕█████             ▏ 2.2 GB/7.0 GB  132 MB/s     36s[K[?25h[?2026l[?2026h[?25l[A[1Gpulling manifest [K
pulling faff1a63667f:  31% ▕█████             ▏ 2.2 GB/7.0 GB  132 MB/s     36s[K[?25h[?2026l[?2026h[?25l[A[1Gpulling manifest [K
pulling faff1a63667f:  32% ▕█████             ▏ 2.2 GB/7.0 GB  132 MB/s     36s[K[?25h[?2026l[?2026h[?25l[A[1Gpulling manifest [K
pulling faff1a63667f:  32% ▕█████             ▏ 2.2 GB/7.0 GB  132 MB/s     35s[K[?25h[?2026l[?2026h[?25l[A[1Gpulling manifest [K
pulling faff1a63667f:  32% ▕█████             ▏ 2.2 GB/7.0 GB  132 MB/s     35s[K[?25h[?2026l[?2026h[?25l[A[1Gpulling manifest [K
pulling faff1a63667f:  32% ▕█████             ▏ 2.2 GB/7.0 GB  132 MB/s     35s[K[?25h[?2026l[?2026h[?25l[A[1Gpulling manifest [K
pulling faff1a63667f:  32% ▕█████             ▏ 2.2 GB/7.0 GB  132 MB/s     35s[K[?25h[?2026l[?2026h[?25l[A[1Gpulling manifest [K
pulling faff1a63667f:  32% ▕█████             ▏ 2.3 GB/7.0 GB  132 MB/s     35s[K[?25h[?2026l[?2026h[?25l[A[1Gpulling manifest [K
pulling faff1a63667f:  33% ▕█████             ▏ 2.3 GB/7.0 GB  132 MB/s     35s[K[?25h[?2026l[?2026h[?25l[A[1Gpulling manifest [K
pulling faff1a63667f:  33% ▕█████             ▏ 2.3 GB/7.0 GB  132 MB/s     35s[K[?25h[?2026l[?2026h[?25l[A[1Gpulling manifest [K
pulling faff1a63667f:  33% ▕█████             ▏ 2.3 GB/7.0 GB  132 MB/s     35s[K[?25h[?2026l[?2026h[?25l[A[1Gpulling manifest [K
pulling faff1a63667f:  33% ▕█████             ▏ 2.3 GB/7.0 GB  132 MB/s     35s[K[?25h[?2026l[?2026h[?25l[A[1Gpulling manifest [K
pulling faff1a63667f:  33% ▕██████            ▏ 2.3 GB/7.0 GB  132 MB/s     34s[K[?25h[?2026l[?2026h[?25l[A[1Gpulling manifest [K
pulling faff1a63667f:  34% ▕██████            ▏ 2.3 GB/7.0 GB  132 MB/s     34s[K[?25h[?2026l[?2026h[?25l[A[1Gpulling manifest [K
pulling faff1a63667f:  34% ▕██████            ▏ 2.4 GB/7.0 GB  132 MB/s     34s[K[?25h[?2026l[?2026h[?25l[A[1Gpulling manifest [K
pulling faff1a63667f:  34% ▕██████            ▏ 2.4 GB/7.0 GB  132 MB/s     34s[K[?25h[?2026l[?2026h[?25l[A[1Gpulling manifest [K
pulling faff1a63667f:  34% ▕██████            ▏ 2.4 GB/7.0 GB  132 MB/s     34s[K[?25h[?2026l[?2026h[?25l[A[1Gpulling manifest [K
pulling faff1a63667f:  34% ▕██████            ▏ 2.4 GB/7.0 GB  132 MB/s     34s[K[?25h[?2026l[?2026h[?25l[A[1Gpulling manifest [K
pulling faff1a63667f:  34% ▕██████            ▏ 2.4 GB/7.0 GB  132 MB/s     34s[K[?25h[?2026l[?2026h[?25l[A[1Gpulling manifest [K
pulling faff1a63667f:  34% ▕██████            ▏ 2.4 GB/7.0 GB  132 MB/s     34s[K[?25h[?2026l[?2026h[?25l[A[1Gpulling manifest [K
pulling faff1a63667f:  35% ▕██████            ▏ 2.4 GB/7.0 GB  132 MB/s     34s[K[?25h[?2026l[?2026h[?25l[A[1Gpulling manifest [K
pulling faff1a63667f:  35% ▕██████            ▏ 2.4 GB/7.0 GB  132 MB/s     34s[K[?25h[?2026l[?2026h[?25l[A[1Gpulling manifest [K
pulling faff1a63667f:  35% ▕██████            ▏ 2.4 GB/7.0 GB  132 MB/s     34s[K[?25h[?2026l[?2026h[?25l[A[1Gpulling manifest [K
pulling faff1a63667f:  35% ▕██████            ▏ 2.4 GB/7.0 GB  132 MB/s     34s[K[?25h[?2026l[?2026h[?25l[A[1Gpulling manifest [K
pulling faff1a63667f:  35% ▕██████            ▏ 2.4 GB/7.0 GB  128 MB/s     35s[K[?25h[?2026l[?2026h[?25l[A[1Gpulling manifest [K
pulling faff1a63667f:  35% ▕██████            ▏ 2.5 GB/7.0 GB  128 MB/s     35s[K[?25h[?2026l[?2026h[?25l[A[1Gpulling manifest [K
pulling faff1a63667f:  35% ▕██████            ▏ 2.5 GB/7.0 GB  128 MB/s     35s[K[?25h[?2026l[?2026h[?25l[A[1Gpulling manifest [K
pulling faff1a63667f:  35% ▕██████            ▏ 2.5 GB/7.0 GB  128 MB/s     35s[K[?25h[?2026l[?2026h[?25l[A[1Gpulling manifest [K
pulling faff1a63667f:  36% ▕██████            ▏ 2.5 GB/7.0 GB  128 MB/s     35s[K[?25h[?2026l[?2026h[?25l[A[1Gpulling manifest [K
pulling faff1a63667f:  36% ▕██████            ▏ 2.5 GB/7.0 GB  128 MB/s     34s[K[?25h[?2026l[?2026h[?25l[A[1Gpulling manifest [K
pulling faff1a63667f:  36% ▕██████            ▏ 2.5 GB/7.0 GB  128 MB/s     34s[K[?25h[?2026l[?2026h[?25l[A[1Gpulling manifest [K
pulling faff1a63667f:  36% ▕██████            ▏ 2.5 GB/7.0 GB  128 MB/s     34s[K[?25h[?2026l[?2026h[?25l[A[1Gpulling manifest [K
pulling faff1a63667f:  36% ▕██████            ▏ 2.5 GB/7.0 GB  128 MB/s     34s[K[?25h[?2026l[?2026h[?25l[A[1Gpulling manifest [K
pulling faff1a63667f:  36% ▕██████            ▏ 2.5 GB/7.0 GB  128 MB/s     34s[K[?25h[?2026l[?2026h[?25l[A[1Gpulling manifest [K
pulling faff1a63667f:  36% ▕██████            ▏ 2.5 GB/7.0 GB  124 MB/s     35s[K[?25h[?2026l[?2026h[?25l[A[1Gpulling manifest [K
pulling faff1a63667f:  36% ▕██████            ▏ 2.5 GB/7.0 GB  124 MB/s     35s[K[?25h[?2026l[?2026h[?25l[A[1Gpulling manifest [K
pulling faff1a63667f:  37% ▕██████            ▏ 2.6 GB/7.0 GB  124 MB/s     35s[K[?25h[?2026l[?2026h[?25l[A[1Gpulling manifest [K
pulling faff1a63667f:  37% ▕██████            ▏ 2.6 GB/7.0 GB  124 MB/s     35s[K[?25h[?2026l[?2026h[?25l[A[1Gpulling manifest [K
pulling faff1a63667f:  37% ▕██████            ▏ 2.6 GB/7.0 GB  124 MB/s     35s[K[?25h[?2026l[?2026h[?25l[A[1Gpulling manifest [K
pulling faff1a63667f:  37% ▕██████            ▏ 2.6 GB/7.0 GB  124 MB/s     35s[K[?25h[?2026l[?2026h[?25l[A[1Gpulling manifest [K
pulling faff1a63667f:  37% ▕██████            ▏ 2.6 GB/7.0 GB  124 MB/s     35s[K[?25h[?2026l[?2026h[?25l[A[1Gpulling manifest [K
pulling faff1a63667f:  37% ▕██████            ▏ 2.6 GB/7.0 GB  124 MB/s     35s[K[?25h[?2026l[?2026h[?25l[A[1Gpulling manifest [K
pulling faff1a63667f:  37% ▕██████            ▏ 2.6 GB/7.0 GB  124 MB/s     35s[K[?25h[?2026l[?2026h[?25l[A[1Gpulling manifest [K
pulling faff1a63667f:  37% ▕██████            ▏ 2.6 GB/7.0 GB  124 MB/s     35s[K[?25h[?2026l[?2026h[?25l[A[1Gpulling manifest [K
pulling faff1a63667f:  38% ▕██████            ▏ 2.6 GB/7.0 GB  118 MB/s     36s[K[?25h[?2026l[?2026h[?25l[A[1Gpulling manifest [K
pulling faff1a63667f:  38% ▕██████            ▏ 2.6 GB/7.0 GB  118 MB/s     36s[K[?25h[?2026l[?2026h[?25l[A[1Gpulling manifest [K
pulling faff1a63667f:  38% ▕██████            ▏ 2.6 GB/7.0 GB  118 MB/s     36s[K[?25h[?2026l[?2026h[?25l[A[1Gpulling manifest [K
pulling faff1a63667f:  38% ▕██████            ▏ 2.6 GB/7.0 GB  118 MB/s     36s[K[?25h[?2026l[?2026h[?25l[A[1Gpulling manifest [K
pulling faff1a63667f:  38% ▕██████            ▏ 2.7 GB/7.0 GB  118 MB/s     36s[K[?25h[?2026l[?2026h[?25l[A[1Gpulling manifest [K
pulling faff1a63667f:  38% ▕██████            ▏ 2.7 GB/7.0 GB  118 MB/s     36s[K[?25h[?2026l[?2026h[?25l[A[1Gpulling manifest [K
pulling faff1a63667f:  38% ▕██████            ▏ 2.7 GB/7.0 GB  118 MB/s     36s[K[?25h[?2026l[?2026h[?25l[A[1Gpulling manifest [K
pulling faff1a63667f:  38% ▕██████            ▏ 2.7 GB/7.0 GB  118 MB/s     36s[K[?25h[?2026l[?2026h[?25l[A[1Gpulling manifest [K
pulling faff1a63667f:  38% ▕██████            ▏ 2.7 GB/7.0 GB  118 MB/s     36s[K[?25h[?2026l[?2026h[?25l[A[1Gpulling manifest [K
pulling faff1a63667f:  39% ▕██████            ▏ 2.7 GB/7.0 GB  118 MB/s     36s[K[?25h[?2026l[?2026h[?25l[A[1Gpulling manifest [K
pulling faff1a63667f:  39% ▕██████            ▏ 2.7 GB/7.0 GB  118 MB/s     36s[K[?25h[?2026l[?2026h[?25l[A[1Gpulling manifest [K
pulling faff1a63667f:  39% ▕██████            ▏ 2.7 GB/7.0 GB  112 MB/s     37s[K[?25h[?2026l[?2026h[?25l[A[1Gpulling manifest [K
pulling faff1a63667f:  39% ▕███████           ▏ 2.7 GB/7.0 GB  112 MB/s     37s[K[?25h[?2026l[?2026h[?25l[A[1Gpulling manifest [K
pulling faff1a63667f:  39% ▕███████           ▏ 2.7 GB/7.0 GB  112 MB/s     37s[K[?25h[?2026l[?2026h[?25l[A[1Gpulling manifest [K
pulling faff1a63667f:  39% ▕███████           ▏ 2.7 GB/7.0 GB  112 MB/s     37s[K[?25h[?2026l[?2026h[?25l[A[1Gpulling manifest [K
pulling faff1a63667f:  39% ▕███████           ▏ 2.7 GB/7.0 GB  112 MB/s     37s[K[?25h[?2026l[?2026h[?25l[A[1Gpulling manifest [K
pulling faff1a63667f:  39% ▕███████           ▏ 2.7 GB/7.0 GB  112 MB/s     37s[K[?25h[?2026l[?2026h[?25l[A[1Gpulling manifest [K
pulling faff1a63667f:  40% ▕███████           ▏ 2.8 GB/7.0 GB  112 MB/s     37s[K[?25h[?2026l[?2026h[?25l[A[1Gpulling manifest [K
pulling faff1a63667f:  40% ▕███████           ▏ 2.8 GB/7.0 GB  112 MB/s     37s[K[?25h[?2026l[?2026h[?25l[A[1Gpulling manifest [K
pulling faff1a63667f:  40% ▕███████           ▏ 2.8 GB/7.0 GB  112 MB/s     37s[K[?25h[?2026l[?2026h[?25l[A[1Gpulling manifest [K
pulling faff1a63667f:  40% ▕███████           ▏ 2.8 GB/7.0 GB  112 MB/s     37s[K[?25h[?2026l[?2026h[?25l[A[1Gpulling manifest [K
pulling faff1a63667f:  40% ▕███████           ▏ 2.8 GB/7.0 GB  107 MB/s     39s[K[?25h[?2026l[?2026h[?25l[A[1Gpulling manifest [K
pulling faff1a63667f:  40% ▕███████           ▏ 2.8 GB/7.0 GB  107 MB/s     39s[K[?25h[?2026l[?2026h[?25l[A[1Gpulling manifest [K
pulling faff1a63667f:  40% ▕███████           ▏ 2.8 GB/7.0 GB  107 MB/s     38s[K[?25h[?2026l[?2026h[?25l[A[1Gpulling manifest [K
pulling faff1a63667f:  40% ▕███████           ▏ 2.8 GB/7.0 GB  107 MB/s     38s[K[?25h[?2026l[?2026h[?25l[A[1Gpulling manifest [K
pulling faff1a63667f:  40% ▕███████           ▏ 2.8 GB/7.0 GB  107 MB/s     38s[K[?25h[?2026l[?2026h[?25l[A[1Gpulling manifest [K
pulling faff1a63667f:  41% ▕███████           ▏ 2.8 GB/7.0 GB  107 MB/s     38s[K[?25h[?2026l[?2026h[?25l[A[1Gpulling manifest [K
pulling faff1a63667f:  41% ▕███████           ▏ 2.8 GB/7.0 GB  107 MB/s     38s[K[?25h[?2026l[?2026h[?25l[A[1Gpulling manifest [K
pulling faff1a63667f:  41% ▕███████           ▏ 2.8 GB/7.0 GB  107 MB/s     38s[K[?25h[?2026l[?2026h[?25l[A[1Gpulling manifest [K
pulling faff1a63667f:  41% ▕███████           ▏ 2.9 GB/7.0 GB  107 MB/s     38s[K[?25h[?2026l[?2026h[?25l[A[1Gpulling manifest [K
pulling faff1a63667f:  41% ▕███████           ▏ 2.9 GB/7.0 GB  107 MB/s     38s[K[?25h[?2026l[?2026h[?25l[A[1Gpulling manifest [K
pulling faff1a63667f:  41% ▕███████           ▏ 2.9 GB/7.0 GB  102 MB/s     40s[K[?25h[?2026l[?2026h[?25l[A[1Gpulling manifest [K
pulling faff1a63667f:  41% ▕███████           ▏ 2.9 GB/7.0 GB  102 MB/s     40s[K[?25h[?2026l[?2026h[?25l[A[1Gpulling manifest [K
pulling faff1a63667f:  42% ▕███████           ▏ 2.9 GB/7.0 GB  102 MB/s     39s[K[?25h[?2026l[?2026h[?25l[A[1Gpulling manifest [K
pulling faff1a63667f:  42% ▕███████           ▏ 2.9 GB/7.0 GB  102 MB/s     39s[K[?25h[?2026l[?2026h[?25l[A[1Gpulling manifest [K
pulling faff1a63667f:  42% ▕███████           ▏ 2.9 GB/7.0 GB  102 MB/s     39s[K[?25h[?2026l[?2026h[?25l[A[1Gpulling manifest [K
pulling faff1a63667f:  42% ▕███████           ▏ 2.9 GB/7.0 GB  102 MB/s     39s[K[?25h[?2026l[?2026h[?25l[A[1Gpulling manifest [K
pulling faff1a63667f:  42% ▕███████           ▏ 2.9 GB/7.0 GB  102 MB/s     39s[K[?25h[?2026l[?2026h[?25l[A[1Gpulling manifest [K
pulling faff1a63667f:  42% ▕███████           ▏ 2.9 GB/7.0 GB  102 MB/s     39s[K[?25h[?2026l[?2026h[?25l[A[1Gpulling manifest [K
pulling faff1a63667f:  42% ▕███████           ▏ 2.9 GB/7.0 GB  102 MB/s     39s[K[?25h[?2026l[?2026h[?25l[A[1Gpulling manifest [K
pulling faff1a63667f:  42% ▕███████           ▏ 3.0 GB/7.0 GB  102 MB/s     39s[K[?25h[?2026l[?2026h[?25l[A[1Gpulling manifest [K
pulling faff1a63667f:  42% ▕███████           ▏ 3.0 GB/7.0 GB   96 MB/s     41s[K[?25h[?2026l[?2026h[?25l[A[1Gpulling manifest [K
pulling faff1a63667f:  43% ▕███████           ▏ 3.0 GB/7.0 GB   96 MB/s     41s[K[?25h[?2026l[?2026h[?25l[A[1Gpulling manifest [K
pulling faff1a63667f:  43% ▕███████           ▏ 3.0 GB/7.0 GB   96 MB/s     41s[K[?25h[?2026l[?2026h[?25l[A[1Gpulling manifest [K
pulling faff1a63667f:  43% ▕███████           ▏ 3.0 GB/7.0 GB   96 MB/s     41s[K[?25h[?2026l[?2026h[?25l[A[1Gpulling manifest [K
pulling faff1a63667f:  43% ▕███████           ▏ 3.0 GB/7.0 GB   96 MB/s     41s[K[?25h[?2026l[?2026h[?25l[A[1Gpulling manifest [K
pulling faff1a63667f:  43% ▕███████           ▏ 3.0 GB/7.0 GB   96 MB/s     40s[K[?25h[?2026l[?2026h[?25l[A[1Gpulling manifest [K
pulling faff1a63667f:  43% ▕███████           ▏ 3.0 GB/7.0 GB   96 MB/s     40s[K[?25h[?2026l[?2026h[?25l[A[1Gpulling manifest [K
pulling faff1a63667f:  43% ▕███████           ▏ 3.0 GB/7.0 GB   96 MB/s     40s[K[?25h[?2026l[?2026h[?25l[A[1Gpulling manifest [K
pulling faff1a63667f:  43% ▕███████           ▏ 3.0 GB/7.0 GB   96 MB/s     40s[K[?25h[?2026l[?2026h[?25l[A[1Gpulling manifest [K
pulling faff1a63667f:  44% ▕███████           ▏ 3.0 GB/7.0 GB   96 MB/s     40s[K[?25h[?2026l[?2026h[?25l[A[1Gpulling manifest [K
pulling faff1a63667f:  44% ▕███████           ▏ 3.0 GB/7.0 GB   91 MB/s     42s[K[?25h[?2026l[?2026h[?25l[A[1Gpulling manifest [K
pulling faff1a63667f:  44% ▕███████           ▏ 3.1 GB/7.0 GB   91 MB/s     42s[K[?25h[?2026l[?2026h[?25l[A[1Gpulling manifest [K
pulling faff1a63667f:  44% ▕███████           ▏ 3.1 GB/7.0 GB   91 MB/s     42s[K[?25h[?2026l[?2026h[?25l[A[1Gpulling manifest [K
pulling faff1a63667f:  44% ▕███████           ▏ 3.1 GB/7.0 GB   91 MB/s     42s[K[?25h[?2026l[?2026h[?25l[A[1Gpulling manifest [K
pulling faff1a63667f:  44% ▕███████           ▏ 3.1 GB/7.0 GB   91 MB/s     42s[K[?25h[?2026l[?2026h[?25l[A[1Gpulling manifest [K
pulling faff1a63667f:  44% ▕███████           ▏ 3.1 GB/7.0 GB   91 MB/s     42s[K[?25h[?2026l[?2026h[?25l[A[1Gpulling manifest [K
pulling faff1a63667f:  44% ▕███████           ▏ 3.1 GB/7.0 GB   91 MB/s     42s[K[?25h[?2026l[?2026h[?25l[A[1Gpulling manifest [K
pulling faff1a63667f:  44% ▕████████          ▏ 3.1 GB/7.0 GB   91 MB/s     42s[K[?25h[?2026l[?2026h[?25l[A[1Gpulling manifest [K
pulling faff1a63667f:  45% ▕████████          ▏ 3.1 GB/7.0 GB   91 MB/s     42s[K[?25h[?2026l[?2026h[?25l[A[1Gpulling manifest [K
pulling faff1a63667f:  45% ▕████████          ▏ 3.1 GB/7.0 GB   91 MB/s     42s[K[?25h[?2026l[?2026h[?25l[A[1Gpulling manifest [K
pulling faff1a63667f:  45% ▕████████          ▏ 3.1 GB/7.0 GB   91 MB/s     42s[K[?25h[?2026l[?2026h[?25l[A[1Gpulling manifest [K
pulling faff1a63667f:  45% ▕████████          ▏ 3.1 GB/7.0 GB   86 MB/s     44s[K[?25h[?2026l[?2026h[?25l[A[1Gpulling manifest [K
pulling faff1a63667f:  45% ▕████████          ▏ 3.1 GB/7.0 GB   86 MB/s     44s[K[?25h[?2026l[?2026h[?25l[A[1Gpulling manifest [K
pulling faff1a63667f:  45% ▕████████          ▏ 3.1 GB/7.0 GB   86 MB/s     44s[K[?25h[?2026l[?2026h[?25l[A[1Gpulling manifest [K
pulling faff1a63667f:  45% ▕████████          ▏ 3.2 GB/7.0 GB   86 MB/s     44s[K[?25h[?2026l[?2026h[?25l[A[1Gpulling manifest [K
pulling faff1a63667f:  45% ▕████████          ▏ 3.2 GB/7.0 GB   86 MB/s     43s[K[?25h[?2026l[?2026h[?25l[A[1Gpulling manifest [K
pulling faff1a63667f:  46% ▕████████          ▏ 3.2 GB/7.0 GB   86 MB/s     43s[K[?25h[?2026l[?2026h[?25l[A[1Gpulling manifest [K
pulling faff1a63667f:  46% ▕████████          ▏ 3.2 GB/7.0 GB   86 MB/s     43s[K[?25h[?2026l[?2026h[?25l[A[1Gpulling manifest [K
pulling faff1a63667f:  46% ▕████████          ▏ 3.2 GB/7.0 GB   86 MB/s     43s[K[?25h[?2026l[?2026h[?25l[A[1Gpulling manifest [K
pulling faff1a63667f:  46% ▕████████          ▏ 3.2 GB/7.0 GB   86 MB/s     43s[K[?25h[?2026l[?2026h[?25l[A[1Gpulling manifest [K
pulling faff1a63667f:  46% ▕████████          ▏ 3.2 GB/7.0 GB   86 MB/s     43s[K[?25h[?2026l[?2026h[?25l[A[1Gpulling manifest [K
pulling faff1a63667f:  46% ▕████████          ▏ 3.2 GB/7.0 GB   85 MB/s     43s[K[?25h[?2026l[?2026h[?25l[A[1Gpulling manifest [K
pulling faff1a63667f:  46% ▕████████          ▏ 3.2 GB/7.0 GB   85 MB/s     43s[K[?25h[?2026l[?2026h[?25l[A[1Gpulling manifest [K
pulling faff1a63667f:  46% ▕████████          ▏ 3.2 GB/7.0 GB   85 MB/s     43s[K[?25h[?2026l[?2026h[?25l[A[1Gpulling manifest [K
pulling faff1a63667f:  47% ▕████████          ▏ 3.3 GB/7.0 GB   85 MB/s     43s[K[?25h[?2026l[?2026h[?25l[A[1Gpulling manifest [K
pulling faff1a63667f:  47% ▕████████          ▏ 3.3 GB/7.0 GB   85 MB/s     43s[K[?25h[?2026l[?2026h[?25l[A[1Gpulling manifest [K
pulling faff1a63667f:  47% ▕████████          ▏ 3.3 GB/7.0 GB   85 MB/s     43s[K[?25h[?2026l[?2026h[?25l[A[1Gpulling manifest [K
pulling faff1a63667f:  47% ▕████████          ▏ 3.3 GB/7.0 GB   85 MB/s     43s[K[?25h[?2026l[?2026h[?25l[A[1Gpulling manifest [K
pulling faff1a63667f:  47% ▕████████          ▏ 3.3 GB/7.0 GB   85 MB/s     43s[K[?25h[?2026l[?2026h[?25l[A[1Gpulling manifest [K
pulling faff1a63667f:  47% ▕████████          ▏ 3.3 GB/7.0 GB   85 MB/s     42s[K[?25h[?2026l[?2026h[?25l[A[1Gpulling manifest [K
pulling faff1a63667f:  47% ▕████████          ▏ 3.3 GB/7.0 GB   85 MB/s     42s[K[?25h[?2026l[?2026h[?25l[A[1Gpulling manifest [K
pulling faff1a63667f:  47% ▕████████          ▏ 3.3 GB/7.0 GB   85 MB/s     42s[K[?25h[?2026l[?2026h[?25l[A[1Gpulling manifest [K
pulling faff1a63667f:  48% ▕████████          ▏ 3.3 GB/7.0 GB   85 MB/s     42s[K[?25h[?2026l[?2026h[?25l[A[1Gpulling manifest [K
pulling faff1a63667f:  48% ▕████████          ▏ 3.3 GB/7.0 GB   85 MB/s     42s[K[?25h[?2026l[?2026h[?25l[A[1Gpulling manifest [K
pulling faff1a63667f:  48% ▕████████          ▏ 3.3 GB/7.0 GB   85 MB/s     42s[K[?25h[?2026l[?2026h[?25l[A[1Gpulling manifest [K
pulling faff1a63667f:  48% ▕████████          ▏ 3.3 GB/7.0 GB   85 MB/s     42s[K[?25h[?2026l[?2026h[?25l[A[1Gpulling manifest [K
pulling faff1a63667f:  48% ▕████████          ▏ 3.3 GB/7.0 GB   85 MB/s     42s[K[?25h[?2026l[?2026h[?25l[A[1Gpulling manifest [K
pulling faff1a63667f:  48% ▕████████          ▏ 3.4 GB/7.0 GB   85 MB/s     42s[K[?25h[?2026l[?2026h[?25l[A[1Gpulling manifest [K
pulling faff1a63667f:  48% ▕████████          ▏ 3.4 GB/7.0 GB   85 MB/s     42s[K[?25h[?2026l[?2026h[?25l[A[1Gpulling manifest [K
pulling faff1a63667f:  48% ▕████████          ▏ 3.4 GB/7.0 GB   85 MB/s     42s[K[?25h[?2026l[?2026h[?25l[A[1Gpulling manifest [K
pulling faff1a63667f:  48% ▕████████          ▏ 3.4 GB/7.0 GB   85 MB/s     42s[K[?25h[?2026l[?2026h[?25l[A[1Gpulling manifest [K
pulling faff1a63667f:  49% ▕████████          ▏ 3.4 GB/7.0 GB   85 MB/s     42s[K[?25h[?2026l[?2026h[?25l[A[1Gpulling manifest [K
pulling faff1a63667f:  49% ▕████████          ▏ 3.4 GB/7.0 GB   85 MB/s     42s[K[?25h[?2026l[?2026h[?25l[A[1Gpulling manifest [K
pulling faff1a63667f:  49% ▕████████          ▏ 3.4 GB/7.0 GB   85 MB/s     42s[K[?25h[?2026l[?2026h[?25l[A[1Gpulling manifest [K
pulling faff1a63667f:  49% ▕████████          ▏ 3.4 GB/7.0 GB   85 MB/s     41s[K[?25h[?2026l[?2026h[?25l[A[1Gpulling manifest [K
pulling faff1a63667f:  49% ▕████████          ▏ 3.4 GB/7.0 GB   85 MB/s     41s[K[?25h[?2026l[?2026h[?25l[A[1Gpulling manifest [K
pulling faff1a63667f:  49% ▕████████          ▏ 3.4 GB/7.0 GB   85 MB/s     41s[K[?25h[?2026l[?2026h[?25l[A[1Gpulling manifest [K
pulling faff1a63667f:  49% ▕████████          ▏ 3.4 GB/7.0 GB   85 MB/s     41s[K[?25h[?2026l[?2026h[?25l[A[1Gpulling manifest [K
pulling faff1a63667f:  49% ▕████████          ▏ 3.4 GB/7.0 GB   85 MB/s     41s[K[?25h[?2026l[?2026h[?25l[A[1Gpulling manifest [K
pulling faff1a63667f:  49% ▕████████          ▏ 3.4 GB/7.0 GB   85 MB/s     41s[K[?25h[?2026l[?2026h[?25l[A[1Gpulling manifest [K
pulling faff1a63667f:  50% ▕████████          ▏ 3.5 GB/7.0 GB   85 MB/s     41s[K[?25h[?2026l[?2026h[?25l[A[1Gpulling manifest [K
pulling faff1a63667f:  50% ▕████████          ▏ 3.5 GB/7.0 GB   85 MB/s     41s[K[?25h[?2026l[?2026h[?25l[A[1Gpulling manifest [K
pulling faff1a63667f:  50% ▕████████          ▏ 3.5 GB/7.0 GB   85 MB/s     40s[K[?25h[?2026l[?2026h[?25l[A[1Gpulling manifest [K
pulling faff1a63667f:  50% ▕████████          ▏ 3.5 GB/7.0 GB   85 MB/s     40s[K[?25h[?2026l[?2026h[?25l[A[1Gpulling manifest [K
pulling faff1a63667f:  50% ▕█████████         ▏ 3.5 GB/7.0 GB   85 MB/s     40s[K[?25h[?2026l[?2026h[?25l[A[1Gpulling manifest [K
pulling faff1a63667f:  50% ▕█████████         ▏ 3.5 GB/7.0 GB   85 MB/s     40s[K[?25h[?2026l[?2026h[?25l[A[1Gpulling manifest [K
pulling faff1a63667f:  51% ▕█████████         ▏ 3.5 GB/7.0 GB   85 MB/s     40s[K[?25h[?2026l[?2026h[?25l[A[1Gpulling manifest [K
pulling faff1a63667f:  51% ▕█████████         ▏ 3.5 GB/7.0 GB   85 MB/s     40s[K[?25h[?2026l[?2026h[?25l[A[1Gpulling manifest [K
pulling faff1a63667f:  51% ▕█████████         ▏ 3.5 GB/7.0 GB   85 MB/s     40s[K[?25h[?2026l[?2026h[?25l[A[1Gpulling manifest [K
pulling faff1a63667f:  51% ▕█████████         ▏ 3.6 GB/7.0 GB   85 MB/s     39s[K[?25h[?2026l[?2026h[?25l[A[1Gpulling manifest [K
pulling faff1a63667f:  51% ▕█████████         ▏ 3.6 GB/7.0 GB   85 MB/s     39s[K[?25h[?2026l[?2026h[?25l[A[1Gpulling manifest [K
pulling faff1a63667f:  51% ▕█████████         ▏ 3.6 GB/7.0 GB   85 MB/s     39s[K[?25h[?2026l[?2026h[?25l[A[1Gpulling manifest [K
pulling faff1a63667f:  52% ▕█████████         ▏ 3.6 GB/7.0 GB   89 MB/s     37s[K[?25h[?2026l[?2026h[?25l[A[1Gpulling manifest [K
pulling faff1a63667f:  52% ▕█████████         ▏ 3.6 GB/7.0 GB   89 MB/s     37s[K[?25h[?2026l[?2026h[?25l[A[1Gpulling manifest [K
pulling faff1a63667f:  52% ▕█████████         ▏ 3.6 GB/7.0 GB   89 MB/s     37s[K[?25h[?2026l[?2026h[?25l[A[1Gpulling manifest [K
pulling faff1a63667f:  52% ▕█████████         ▏ 3.6 GB/7.0 GB   89 MB/s     37s[K[?25h[?2026l[?2026h[?25l[A[1Gpulling manifest [K
pulling faff1a63667f:  52% ▕█████████         ▏ 3.7 GB/7.0 GB   89 MB/s     37s[K[?25h[?2026l[?2026h[?25l[A[1Gpulling manifest [K
pulling faff1a63667f:  52% ▕█████████         ▏ 3.7 GB/7.0 GB   89 MB/s     37s[K[?25h[?2026l[?2026h[?25l[A[1Gpulling manifest [K
pulling faff1a63667f:  53% ▕█████████         ▏ 3.7 GB/7.0 GB   89 MB/s     37s[K[?25h[?2026l[?2026h[?25l[A[1Gpulling manifest [K
pulling faff1a63667f:  53% ▕█████████         ▏ 3.7 GB/7.0 GB   89 MB/s     36s[K[?25h[?2026l[?2026h[?25l[A[1Gpulling manifest [K
pulling faff1a63667f:  53% ▕█████████         ▏ 3.7 GB/7.0 GB   89 MB/s     36s[K[?25h[?2026l[?2026h[?25l[A[1Gpulling manifest [K
pulling faff1a63667f:  53% ▕█████████         ▏ 3.7 GB/7.0 GB   89 MB/s     36s[K[?25h[?2026l[?2026h[?25l[A[1Gpulling manifest [K
pulling faff1a63667f:  53% ▕█████████         ▏ 3.7 GB/7.0 GB   94 MB/s     34s[K[?25h[?2026l[?2026h[?25l[A[1Gpulling manifest [K
pulling faff1a63667f:  54% ▕█████████         ▏ 3.7 GB/7.0 GB   94 MB/s     34s[K[?25h[?2026l[?2026h[?25l[A[1Gpulling manifest [K
pulling faff1a63667f:  54% ▕█████████         ▏ 3.8 GB/7.0 GB   94 MB/s     34s[K[?25h[?2026l[?2026h[?25l[A[1Gpulling manifest [K
pulling faff1a63667f:  54% ▕█████████         ▏ 3.8 GB/7.0 GB   94 MB/s     33s[K[?25h[?2026l[?2026h[?25l[A[1Gpulling manifest [K
pulling faff1a63667f:  54% ▕█████████         ▏ 3.8 GB/7.0 GB   94 MB/s     33s[K[?25h[?2026l[?2026h[?25l[A[1Gpulling manifest [K
pulling faff1a63667f:  54% ▕█████████         ▏ 3.8 GB/7.0 GB   94 MB/s     33s[K[?25h[?2026l[?2026h[?25l[A[1Gpulling manifest [K
pulling faff1a63667f:  55% ▕█████████         ▏ 3.8 GB/7.0 GB   94 MB/s     33s[K[?25h[?2026l[?2026h[?25l[A[1Gpulling manifest [K
pulling faff1a63667f:  55% ▕█████████         ▏ 3.8 GB/7.0 GB   94 MB/s     33s[K[?25h[?2026l[?2026h[?25l[A[1Gpulling manifest [K
pulling faff1a63667f:  55% ▕█████████         ▏ 3.8 GB/7.0 GB   94 MB/s     33s[K[?25h[?2026l[?2026h[?25l[A[1Gpulling manifest [K
pulling faff1a63667f:  55% ▕█████████         ▏ 3.9 GB/7.0 GB   94 MB/s     33s[K[?25h[?2026l[?2026h[?25l[A[1Gpulling manifest [K
pulling faff1a63667f:  55% ▕█████████         ▏ 3.9 GB/7.0 GB   99 MB/s     31s[K[?25h[?2026l[?2026h[?25l[A[1Gpulling manifest [K
pulling faff1a63667f:  55% ▕█████████         ▏ 3.9 GB/7.0 GB   99 MB/s     31s[K[?25h[?2026l[?2026h[?25l[A[1Gpulling manifest [K
pulling faff1a63667f:  56% ▕██████████        ▏ 3.9 GB/7.0 GB   99 MB/s     31s[K[?25h[?2026l[?2026h[?25l[A[1Gpulling manifest [K
pulling faff1a63667f:  56% ▕██████████        ▏ 3.9 GB/7.0 GB   99 MB/s     31s[K[?25h[?2026l[?2026h[?25l[A[1Gpulling manifest [K
pulling faff1a63667f:  56% ▕██████████        ▏ 3.9 GB/7.0 GB   99 MB/s     30s[K[?25h[?2026l[?2026h[?25l[A[1Gpulling manifest [K
pulling faff1a63667f:  56% ▕██████████        ▏ 3.9 GB/7.0 GB   99 MB/s     30s[K[?25h[?2026l[?2026h[?25l[A[1Gpulling manifest [K
pulling faff1a63667f:  56% ▕██████████        ▏ 3.9 GB/7.0 GB   99 MB/s     30s[K[?25h[?2026l[?2026h[?25l[A[1Gpulling manifest [K
pulling faff1a63667f:  56% ▕██████████        ▏ 3.9 GB/7.0 GB   99 MB/s     30s[K[?25h[?2026l[?2026h[?25l[A[1Gpulling manifest [K
pulling faff1a63667f:  57% ▕██████████        ▏ 4.0 GB/7.0 GB   99 MB/s     30s[K[?25h[?2026l[?2026h[?25l[A[1Gpulling manifest [K
pulling faff1a63667f:  57% ▕██████████        ▏ 4.0 GB/7.0 GB   99 MB/s     30s[K[?25h[?2026l[?2026h[?25l[A[1Gpulling manifest [K
pulling faff1a63667f:  57% ▕██████████        ▏ 4.0 GB/7.0 GB  104 MB/s     28s[K[?25h[?2026l[?2026h[?25l[A[1Gpulling manifest [K
pulling faff1a63667f:  57% ▕██████████        ▏ 4.0 GB/7.0 GB  104 MB/s     28s[K[?25h[?2026l[?2026h[?25l[A[1Gpulling manifest [K
pulling faff1a63667f:  57% ▕██████████        ▏ 4.0 GB/7.0 GB  104 MB/s     28s[K[?25h[?2026l[?2026h[?25l[A[1Gpulling manifest [K
pulling faff1a63667f:  58% ▕██████████        ▏ 4.0 GB/7.0 GB  104 MB/s     28s[K[?25h[?2026l[?2026h[?25l[A[1Gpulling manifest [K
pulling faff1a63667f:  58% ▕██████████        ▏ 4.0 GB/7.0 GB  104 MB/s     28s[K[?25h[?2026l[?2026h[?25l[A[1Gpulling manifest [K
pulling faff1a63667f:  58% ▕██████████        ▏ 4.0 GB/7.0 GB  104 MB/s     28s[K[?25h[?2026l[?2026h[?25l[A[1Gpulling manifest [K
pulling faff1a63667f:  58% ▕██████████        ▏ 4.1 GB/7.0 GB  104 MB/s     28s[K[?25h[?2026l[?2026h[?25l[A[1Gpulling manifest [K
pulling faff1a63667f:  58% ▕██████████        ▏ 4.1 GB/7.0 GB  104 MB/s     27s[K[?25h[?2026l[?2026h[?25l[A[1Gpulling manifest [K
pulling faff1a63667f:  58% ▕██████████        ▏ 4.1 GB/7.0 GB  104 MB/s     27s[K[?25h[?2026l[?2026h[?25l[A[1Gpulling manifest [K
pulling faff1a63667f:  59% ▕██████████        ▏ 4.1 GB/7.0 GB  104 MB/s     27s[K[?25h[?2026l[?2026h[?25l[A[1Gpulling manifest [K
pulling faff1a63667f:  59% ▕██████████        ▏ 4.1 GB/7.0 GB  109 MB/s     26s[K[?25h[?2026l[?2026h[?25l[A[1Gpulling manifest [K
pulling faff1a63667f:  59% ▕██████████        ▏ 4.1 GB/7.0 GB  109 MB/s     26s[K[?25h[?2026l[?2026h[?25l[A[1Gpulling manifest [K
pulling faff1a63667f:  59% ▕██████████        ▏ 4.1 GB/7.0 GB  109 MB/s     26s[K[?25h[?2026l[?2026h[?25l[A[1Gpulling manifest [K
pulling faff1a63667f:  59% ▕██████████        ▏ 4.1 GB/7.0 GB  109 MB/s     25s[K[?25h[?2026l[?2026h[?25l[A[1Gpulling manifest [K
pulling faff1a63667f:  60% ▕██████████        ▏ 4.2 GB/7.0 GB  109 MB/s     25s[K[?25h[?2026l[?2026h[?25l[A[1Gpulling manifest [K
pulling faff1a63667f:  60% ▕██████████        ▏ 4.2 GB/7.0 GB  109 MB/s     25s[K[?25h[?2026l[?2026h[?25l[A[1Gpulling manifest [K
pulling faff1a63667f:  60% ▕██████████        ▏ 4.2 GB/7.0 GB  109 MB/s     25s[K[?25h[?2026l[?2026h[?25l[A[1Gpulling manifest [K
pulling faff1a63667f:  60% ▕██████████        ▏ 4.2 GB/7.0 GB  109 MB/s     25s[K[?25h[?2026l[?2026h[?25l[A[1Gpulling manifest [K
pulling faff1a63667f:  60% ▕██████████        ▏ 4.2 GB/7.0 GB  109 MB/s     25s[K[?25h[?2026l[?2026h[?25l[A[1Gpulling manifest [K
pulling faff1a63667f:  61% ▕██████████        ▏ 4.2 GB/7.0 GB  109 MB/s     25s[K[?25h[?2026l[?2026h[?25l[A[1Gpulling manifest [K
pulling faff1a63667f:  61% ▕██████████        ▏ 4.2 GB/7.0 GB  109 MB/s     25s[K[?25h[?2026l[?2026h[?25l[A[1Gpulling manifest [K
pulling faff1a63667f:  61% ▕██████████        ▏ 4.2 GB/7.0 GB  113 MB/s     23s[K[?25h[?2026l[?2026h[?25l[A[1Gpulling manifest [K
pulling faff1a63667f:  61% ▕██████████        ▏ 4.3 GB/7.0 GB  113 MB/s     23s[K[?25h[?2026l[?2026h[?25l[A[1Gpulling manifest [K
pulling faff1a63667f:  61% ▕███████████       ▏ 4.3 GB/7.0 GB  113 MB/s     23s[K[?25h[?2026l[?2026h[?25l[A[1Gpulling manifest [K
pulling faff1a63667f:  61% ▕███████████       ▏ 4.3 GB/7.0 GB  113 MB/s     23s[K[?25h[?2026l[?2026h[?25l[A[1Gpulling manifest [K
pulling faff1a63667f:  62% ▕███████████       ▏ 4.3 GB/7.0 GB  113 MB/s     23s[K[?25h[?2026l[?2026h[?25l[A[1Gpulling manifest [K
pulling faff1a63667f:  62% ▕███████████       ▏ 4.3 GB/7.0 GB  113 MB/s     23s[K[?25h[?2026l[?2026h[?25l[A[1Gpulling manifest [K
pulling faff1a63667f:  62% ▕███████████       ▏ 4.3 GB/7.0 GB  113 MB/s     23s[K[?25h[?2026l[?2026h[?25l[A[1Gpulling manifest [K
pulling faff1a63667f:  62% ▕███████████       ▏ 4.3 GB/7.0 GB  113 MB/s     23s[K[?25h[?2026l[?2026h[?25l[A[1Gpulling manifest [K
pulling faff1a63667f:  62% ▕███████████       ▏ 4.3 GB/7.0 GB  113 MB/s     23s[K[?25h[?2026l[?2026h[?25l[A[1Gpulling manifest [K
pulling faff1a63667f:  63% ▕███████████       ▏ 4.4 GB/7.0 GB  113 MB/s     22s[K[?25h[?2026l[?2026h[?25l[A[1Gpulling manifest [K
pulling faff1a63667f:  63% ▕███████████       ▏ 4.4 GB/7.0 GB  118 MB/s     21s[K[?25h[?2026l[?2026h[?25l[A[1Gpulling manifest [K
pulling faff1a63667f:  63% ▕███████████       ▏ 4.4 GB/7.0 GB  118 MB/s     21s[K[?25h[?2026l[?2026h[?25l[A[1Gpulling manifest [K
pulling faff1a63667f:  63% ▕███████████       ▏ 4.4 GB/7.0 GB  118 MB/s     21s[K[?25h[?2026l[?2026h[?25l[A[1Gpulling manifest [K
pulling faff1a63667f:  63% ▕███████████       ▏ 4.4 GB/7.0 GB  118 MB/s     21s[K[?25h[?2026l[?2026h[?25l[A[1Gpulling manifest [K
pulling faff1a63667f:  63% ▕███████████       ▏ 4.4 GB/7.0 GB  118 MB/s     21s[K[?25h[?2026l[?2026h[?25l[A[1Gpulling manifest [K
pulling faff1a63667f:  64% ▕███████████       ▏ 4.4 GB/7.0 GB  118 MB/s     21s[K[?25h[?2026l[?2026h[?25l[A[1Gpulling manifest [K
pulling faff1a63667f:  64% ▕███████████       ▏ 4.5 GB/7.0 GB  118 MB/s     21s[K[?25h[?2026l[?2026h[?25l[A[1Gpulling manifest [K
pulling faff1a63667f:  64% ▕███████████       ▏ 4.5 GB/7.0 GB  118 MB/s     21s[K[?25h[?2026l[?2026h[?25l[A[1Gpulling manifest [K
pulling faff1a63667f:  64% ▕███████████       ▏ 4.5 GB/7.0 GB  118 MB/s     21s[K[?25h[?2026l[?2026h[?25l[A[1Gpulling manifest [K
pulling faff1a63667f:  64% ▕███████████       ▏ 4.5 GB/7.0 GB  118 MB/s     20s[K[?25h[?2026l[?2026h[?25l[A[1Gpulling manifest [K
pulling faff1a63667f:  65% ▕███████████       ▏ 4.5 GB/7.0 GB  124 MB/s     19s[K[?25h[?2026l[?2026h[?25l[A[1Gpulling manifest [K
pulling faff1a63667f:  65% ▕███████████       ▏ 4.5 GB/7.0 GB  124 MB/s     19s[K[?25h[?2026l[?2026h[?25l[A[1Gpulling manifest [K
pulling faff1a63667f:  65% ▕███████████       ▏ 4.5 GB/7.0 GB  124 MB/s     19s[K[?25h[?2026l[?2026h[?25l[A[1Gpulling manifest [K
pulling faff1a63667f:  65% ▕███████████       ▏ 4.5 GB/7.0 GB  124 MB/s     19s[K[?25h[?2026l[?2026h[?25l[A[1Gpulling manifest [K
pulling faff1a63667f:  65% ▕███████████       ▏ 4.6 GB/7.0 GB  124 MB/s     19s[K[?25h[?2026l[?2026h[?25l[A[1Gpulling manifest [K
pulling faff1a63667f:  66% ▕███████████       ▏ 4.6 GB/7.0 GB  124 MB/s     19s[K[?25h[?2026l[?2026h[?25l[A[1Gpulling manifest [K
pulling faff1a63667f:  66% ▕███████████       ▏ 4.6 GB/7.0 GB  124 MB/s     19s[K[?25h[?2026l[?2026h[?25l[A[1Gpulling manifest [K
pulling faff1a63667f:  66% ▕███████████       ▏ 4.6 GB/7.0 GB  124 MB/s     19s[K[?25h[?2026l[?2026h[?25l[A[1Gpulling manifest [K
pulling faff1a63667f:  66% ▕███████████       ▏ 4.6 GB/7.0 GB  124 MB/s     19s[K[?25h[?2026l[?2026h[?25l[A[1Gpulling manifest [K
pulling faff1a63667f:  66% ▕███████████       ▏ 4.6 GB/7.0 GB  124 MB/s     19s[K[?25h[?2026l[?2026h[?25l[A[1Gpulling manifest [K
pulling faff1a63667f:  66% ▕███████████       ▏ 4.6 GB/7.0 GB  129 MB/s     18s[K[?25h[?2026l[?2026h[?25l[A[1Gpulling manifest [K
pulling faff1a63667f:  67% ▕████████████      ▏ 4.7 GB/7.0 GB  129 MB/s     17s[K[?25h[?2026l[?2026h[?25l[A[1Gpulling manifest [K
pulling faff1a63667f:  67% ▕████████████      ▏ 4.7 GB/7.0 GB  129 MB/s     17s[K[?25h[?2026l[?2026h[?25l[A[1Gpulling manifest [K
pulling faff1a63667f:  67% ▕████████████      ▏ 4.7 GB/7.0 GB  129 MB/s     17s[K[?25h[?2026l[?2026h[?25l[A[1Gpulling manifest [K
pulling faff1a63667f:  67% ▕████████████      ▏ 4.7 GB/7.0 GB  129 MB/s     17s[K[?25h[?2026l[?2026h[?25l[A[1Gpulling manifest [K
pulling faff1a63667f:  67% ▕████████████      ▏ 4.7 GB/7.0 GB  129 MB/s     17s[K[?25h[?2026l[?2026h[?25l[A[1Gpulling manifest [K
pulling faff1a63667f:  68% ▕████████████      ▏ 4.7 GB/7.0 GB  129 MB/s     17s[K[?25h[?2026l[?2026h[?25l[A[1Gpulling manifest [K
pulling faff1a63667f:  68% ▕████████████      ▏ 4.7 GB/7.0 GB  129 MB/s     17s[K[?25h[?2026l[?2026h[?25l[A[1Gpulling manifest [K
pulling faff1a63667f:  68% ▕████████████      ▏ 4.7 GB/7.0 GB  129 MB/s     17s[K[?25h[?2026l[?2026h[?25l[A[1Gpulling manifest [K
pulling faff1a63667f:  68% ▕████████████      ▏ 4.7 GB/7.0 GB  129 MB/s     17s[K[?25h[?2026l[?2026h[?25l[A[1Gpulling manifest [K
pulling faff1a63667f:  68% ▕████████████      ▏ 4.8 GB/7.0 GB  130 MB/s     17s[K[?25h[?2026l[?2026h[?25l[A[1Gpulling manifest [K
pulling faff1a63667f:  68% ▕████████████      ▏ 4.8 GB/7.0 GB  130 MB/s     16s[K[?25h[?2026l[?2026h[?25l[A[1Gpulling manifest [K
pulling faff1a63667f:  69% ▕████████████      ▏ 4.8 GB/7.0 GB  130 MB/s     16s[K[?25h[?2026l[?2026h[?25l[A[1Gpulling manifest [K
pulling faff1a63667f:  69% ▕████████████      ▏ 4.8 GB/7.0 GB  130 MB/s     16s[K[?25h[?2026l[?2026h[?25l[A[1Gpulling manifest [K
pulling faff1a63667f:  69% ▕████████████      ▏ 4.8 GB/7.0 GB  130 MB/s     16s[K[?25h[?2026l[?2026h[?25l[A[1Gpulling manifest [K
pulling faff1a63667f:  69% ▕████████████      ▏ 4.8 GB/7.0 GB  130 MB/s     16s[K[?25h[?2026l[?2026h[?25l[A[1Gpulling manifest [K
pulling faff1a63667f:  69% ▕████████████      ▏ 4.8 GB/7.0 GB  130 MB/s     16s[K[?25h[?2026l[?2026h[?25l[A[1Gpulling manifest [K
pulling faff1a63667f:  70% ▕████████████      ▏ 4.8 GB/7.0 GB  130 MB/s     16s[K[?25h[?2026l[?2026h[?25l[A[1Gpulling manifest [K
pulling faff1a63667f:  70% ▕████████████      ▏ 4.9 GB/7.0 GB  130 MB/s     16s[K[?25h[?2026l[?2026h[?25l[A[1Gpulling manifest [K
pulling faff1a63667f:  70% ▕████████████      ▏ 4.9 GB/7.0 GB  130 MB/s     16s[K[?25h[?2026l[?2026h[?25l[A[1Gpulling manifest [K
pulling faff1a63667f:  70% ▕████████████      ▏ 4.9 GB/7.0 GB  130 MB/s     16s[K[?25h[?2026l[?2026h[?25l[A[1Gpulling manifest [K
pulling faff1a63667f:  70% ▕████████████      ▏ 4.9 GB/7.0 GB  129 MB/s     16s[K[?25h[?2026l[?2026h[?25l[A[1Gpulling manifest [K
pulling faff1a63667f:  71% ▕████████████      ▏ 4.9 GB/7.0 GB  129 MB/s     15s[K[?25h[?2026l[?2026h[?25l[A[1Gpulling manifest [K
pulling faff1a63667f:  71% ▕████████████      ▏ 4.9 GB/7.0 GB  129 MB/s     15s[K[?25h[?2026l[?2026h[?25l[A[1Gpulling manifest [K
pulling faff1a63667f:  71% ▕████████████      ▏ 4.9 GB/7.0 GB  129 MB/s     15s[K[?25h[?2026l[?2026h[?25l[A[1Gpulling manifest [K
pulling faff1a63667f:  71% ▕████████████      ▏ 4.9 GB/7.0 GB  129 MB/s     15s[K[?25h[?2026l[?2026h[?25l[A[1Gpulling manifest [K
pulling faff1a63667f:  71% ▕████████████      ▏ 5.0 GB/7.0 GB  129 MB/s     15s[K[?25h[?2026l[?2026h[?25l[A[1Gpulling manifest [K
pulling faff1a63667f:  71% ▕████████████      ▏ 5.0 GB/7.0 GB  129 MB/s     15s[K[?25h[?2026l[?2026h[?25l[A[1Gpulling manifest [K
pulling faff1a63667f:  72% ▕████████████      ▏ 5.0 GB/7.0 GB  129 MB/s     15s[K[?25h[?2026l[?2026h[?25l[A[1Gpulling manifest [K
pulling faff1a63667f:  72% ▕████████████      ▏ 5.0 GB/7.0 GB  129 MB/s     15s[K[?25h[?2026l[?2026h[?25l[A[1Gpulling manifest [K
pulling faff1a63667f:  72% ▕████████████      ▏ 5.0 GB/7.0 GB  129 MB/s     15s[K[?25h[?2026l[?2026h[?25l[A[1Gpulling manifest [K
pulling faff1a63667f:  72% ▕████████████      ▏ 5.0 GB/7.0 GB  128 MB/s     15s[K[?25h[?2026l[?2026h[?25l[A[1Gpulling manifest [K
pulling faff1a63667f:  72% ▕█████████████     ▏ 5.0 GB/7.0 GB  128 MB/s     15s[K[?25h[?2026l[?2026h[?25l[A[1Gpulling manifest [K
pulling faff1a63667f:  72% ▕█████████████     ▏ 5.1 GB/7.0 GB  128 MB/s     14s[K[?25h[?2026l[?2026h[?25l[A[1Gpulling manifest [K
pulling faff1a63667f:  73% ▕█████████████     ▏ 5.1 GB/7.0 GB  128 MB/s     14s[K[?25h[?2026l[?2026h[?25l[A[1Gpulling manifest [K
pulling faff1a63667f:  73% ▕█████████████     ▏ 5.1 GB/7.0 GB  128 MB/s     14s[K[?25h[?2026l[?2026h[?25l[A[1Gpulling manifest [K
pulling faff1a63667f:  73% ▕█████████████     ▏ 5.1 GB/7.0 GB  128 MB/s     14s[K[?25h[?2026l[?2026h[?25l[A[1Gpulling manifest [K
pulling faff1a63667f:  73% ▕█████████████     ▏ 5.1 GB/7.0 GB  128 MB/s     14s[K[?25h[?2026l[?2026h[?25l[A[1Gpulling manifest [K
pulling faff1a63667f:  73% ▕█████████████     ▏ 5.1 GB/7.0 GB  128 MB/s     14s[K[?25h[?2026l[?2026h[?25l[A[1Gpulling manifest [K
pulling faff1a63667f:  73% ▕█████████████     ▏ 5.1 GB/7.0 GB  128 MB/s     14s[K[?25h[?2026l[?2026h[?25l[A[1Gpulling manifest [K
pulling faff1a63667f:  74% ▕█████████████     ▏ 5.1 GB/7.0 GB  128 MB/s     14s[K[?25h[?2026l[?2026h[?25l[A[1Gpulling manifest [K
pulling faff1a63667f:  74% ▕█████████████     ▏ 5.1 GB/7.0 GB  128 MB/s     14s[K[?25h[?2026l[?2026h[?25l[A[1Gpulling manifest [K
pulling faff1a63667f:  74% ▕█████████████     ▏ 5.2 GB/7.0 GB  128 MB/s     14s[K[?25h[?2026l[?2026h[?25l[A[1Gpulling manifest [K
pulling faff1a63667f:  74% ▕█████████████     ▏ 5.2 GB/7.0 GB  128 MB/s     13s[K[?25h[?2026l[?2026h[?25l[A[1Gpulling manifest [K
pulling faff1a63667f:  74% ▕█████████████     ▏ 5.2 GB/7.0 GB  128 MB/s     13s[K[?25h[?2026l[?2026h[?25l[A[1Gpulling manifest [K
pulling faff1a63667f:  74% ▕█████████████     ▏ 5.2 GB/7.0 GB  128 MB/s     13s[K[?25h[?2026l[?2026h[?25l[A[1Gpulling manifest [K
pulling faff1a63667f:  75% ▕█████████████     ▏ 5.2 GB/7.0 GB  128 MB/s     13s[K[?25h[?2026l[?2026h[?25l[A[1Gpulling manifest [K
pulling faff1a63667f:  75% ▕█████████████     ▏ 5.2 GB/7.0 GB  128 MB/s     13s[K[?25h[?2026l[?2026h[?25l[A[1Gpulling manifest [K
pulling faff1a63667f:  75% ▕█████████████     ▏ 5.2 GB/7.0 GB  128 MB/s     13s[K[?25h[?2026l[?2026h[?25l[A[1Gpulling manifest [K
pulling faff1a63667f:  75% ▕█████████████     ▏ 5.3 GB/7.0 GB  128 MB/s     13s[K[?25h[?2026l[?2026h[?25l[A[1Gpulling manifest [K
pulling faff1a63667f:  75% ▕█████████████     ▏ 5.3 GB/7.0 GB  128 MB/s     13s[K[?25h[?2026l[?2026h[?25l[A[1Gpulling manifest [K
pulling faff1a63667f:  76% ▕█████████████     ▏ 5.3 GB/7.0 GB  129 MB/s     13s[K[?25h[?2026l[?2026h[?25l[A[1Gpulling manifest [K
pulling faff1a63667f:  76% ▕█████████████     ▏ 5.3 GB/7.0 GB  129 MB/s     12s[K[?25h[?2026l[?2026h[?25l[A[1Gpulling manifest [K
pulling faff1a63667f:  76% ▕█████████████     ▏ 5.3 GB/7.0 GB  129 MB/s     12s[K[?25h[?2026l[?2026h[?25l[A[1Gpulling manifest [K
pulling faff1a63667f:  76% ▕█████████████     ▏ 5.3 GB/7.0 GB  129 MB/s     12s[K[?25h[?2026l[?2026h[?25l[A[1Gpulling manifest [K
pulling faff1a63667f:  76% ▕█████████████     ▏ 5.3 GB/7.0 GB  129 MB/s     12s[K[?25h[?2026l[?2026h[?25l[A[1Gpulling manifest [K
pulling faff1a63667f:  76% ▕█████████████     ▏ 5.3 GB/7.0 GB  129 MB/s     12s[K[?25h[?2026l[?2026h[?25l[A[1Gpulling manifest [K
pulling faff1a63667f:  77% ▕█████████████     ▏ 5.4 GB/7.0 GB  129 MB/s     12s[K[?25h[?2026l[?2026h[?25l[A[1Gpulling manifest [K
pulling faff1a63667f:  77% ▕█████████████     ▏ 5.4 GB/7.0 GB  129 MB/s     12s[K[?25h[?2026l[?2026h[?25l[A[1Gpulling manifest [K
pulling faff1a63667f:  77% ▕█████████████     ▏ 5.4 GB/7.0 GB  129 MB/s     12s[K[?25h[?2026l[?2026h[?25l[A[1Gpulling manifest [K
pulling faff1a63667f:  77% ▕█████████████     ▏ 5.4 GB/7.0 GB  129 MB/s     12s[K[?25h[?2026l[?2026h[?25l[A[1Gpulling manifest [K
pulling faff1a63667f:  77% ▕█████████████     ▏ 5.4 GB/7.0 GB  129 MB/s     12s[K[?25h[?2026l[?2026h[?25l[A[1Gpulling manifest [K
pulling faff1a63667f:  78% ▕█████████████     ▏ 5.4 GB/7.0 GB  129 MB/s     12s[K[?25h[?2026l[?2026h[?25l[A[1Gpulling manifest [K
pulling faff1a63667f:  78% ▕██████████████    ▏ 5.4 GB/7.0 GB  129 MB/s     11s[K[?25h[?2026l[?2026h[?25l[A[1Gpulling manifest [K
pulling faff1a63667f:  78% ▕██████████████    ▏ 5.5 GB/7.0 GB  129 MB/s     11s[K[?25h[?2026l[?2026h[?25l[A[1Gpulling manifest [K
pulling faff1a63667f:  78% ▕██████████████    ▏ 5.5 GB/7.0 GB  129 MB/s     11s[K[?25h[?2026l[?2026h[?25l[A[1Gpulling manifest [K
pulling faff1a63667f:  78% ▕██████████████    ▏ 5.5 GB/7.0 GB  129 MB/s     11s[K[?25h[?2026l[?2026h[?25l[A[1Gpulling manifest [K
pulling faff1a63667f:  79% ▕██████████████    ▏ 5.5 GB/7.0 GB  129 MB/s     11s[K[?25h[?2026l[?2026h[?25l[A[1Gpulling manifest [K
pulling faff1a63667f:  79% ▕██████████████    ▏ 5.5 GB/7.0 GB  129 MB/s     11s[K[?25h[?2026l[?2026h[?25l[A[1Gpulling manifest [K
pulling faff1a63667f:  79% ▕██████████████    ▏ 5.5 GB/7.0 GB  129 MB/s     11s[K[?25h[?2026l[?2026h[?25l[A[1Gpulling manifest [K
pulling faff1a63667f:  79% ▕██████████████    ▏ 5.5 GB/7.0 GB  129 MB/s     11s[K[?25h[?2026l[?2026h[?25l[A[1Gpulling manifest [K
pulling faff1a63667f:  79% ▕██████████████    ▏ 5.5 GB/7.0 GB  129 MB/s     11s[K[?25h[?2026l[?2026h[?25l[A[1Gpulling manifest [K
pulling faff1a63667f:  79% ▕██████████████    ▏ 5.5 GB/7.0 GB  128 MB/s     11s[K[?25h[?2026l[?2026h[?25l[A[1Gpulling manifest [K
pulling faff1a63667f:  80% ▕██████████████    ▏ 5.6 GB/7.0 GB  128 MB/s     10s[K[?25h[?2026l[?2026h[?25l[A[1Gpulling manifest [K
pulling faff1a63667f:  80% ▕██████████████    ▏ 5.6 GB/7.0 GB  128 MB/s     10s[K[?25h[?2026l[?2026h[?25l[A[1Gpulling manifest [K
pulling faff1a63667f:  80% ▕██████████████    ▏ 5.6 GB/7.0 GB  128 MB/s     10s[K[?25h[?2026l[?2026h[?25l[A[1Gpulling manifest [K
pulling faff1a63667f:  80% ▕██████████████    ▏ 5.6 GB/7.0 GB  128 MB/s     10s[K[?25h[?2026l[?2026h[?25l[A[1Gpulling manifest [K
pulling faff1a63667f:  80% ▕██████████████    ▏ 5.6 GB/7.0 GB  128 MB/s     10s[K[?25h[?2026l[?2026h[?25l[A[1Gpulling manifest [K
pulling faff1a63667f:  81% ▕██████████████    ▏ 5.6 GB/7.0 GB  128 MB/s     10s[K[?25h[?2026l[?2026h[?25l[A[1Gpulling manifest [K
pulling faff1a63667f:  81% ▕██████████████    ▏ 5.6 GB/7.0 GB  128 MB/s     10s[K[?25h[?2026l[?2026h[?25l[A[1Gpulling manifest [K
pulling faff1a63667f:  81% ▕██████████████    ▏ 5.6 GB/7.0 GB  128 MB/s     10s[K[?25h[?2026l[?2026h[?25l[A[1Gpulling manifest [K
pulling faff1a63667f:  81% ▕██████████████    ▏ 5.6 GB/7.0 GB  128 MB/s     10s[K[?25h[?2026l[?2026h[?25l[A[1Gpulling manifest [K
pulling faff1a63667f:  81% ▕██████████████    ▏ 5.7 GB/7.0 GB  127 MB/s     10s[K[?25h[?2026l[?2026h[?25l[A[1Gpulling manifest [K
pulling faff1a63667f:  81% ▕██████████████    ▏ 5.7 GB/7.0 GB  127 MB/s     10s[K[?25h[?2026l[?2026h[?25l[A[1Gpulling manifest [K
pulling faff1a63667f:  81% ▕██████████████    ▏ 5.7 GB/7.0 GB  127 MB/s     10s[K[?25h[?2026l[?2026h[?25l[A[1Gpulling manifest [K
pulling faff1a63667f:  82% ▕██████████████    ▏ 5.7 GB/7.0 GB  127 MB/s     10s[K[?25h[?2026l[?2026h[?25l[A[1Gpulling manifest [K
pulling faff1a63667f:  82% ▕██████████████    ▏ 5.7 GB/7.0 GB  127 MB/s     10s[K[?25h[?2026l[?2026h[?25l[A[1Gpulling manifest [K
pulling faff1a63667f:  82% ▕██████████████    ▏ 5.7 GB/7.0 GB  127 MB/s      9s[K[?25h[?2026l[?2026h[?25l[A[1Gpulling manifest [K
pulling faff1a63667f:  82% ▕██████████████    ▏ 5.7 GB/7.0 GB  127 MB/s      9s[K[?25h[?2026l[?2026h[?25l[A[1Gpulling manifest [K
pulling faff1a63667f:  82% ▕██████████████    ▏ 5.7 GB/7.0 GB  127 MB/s      9s[K[?25h[?2026l[?2026h[?25l[A[1Gpulling manifest [K
pulling faff1a63667f:  82% ▕██████████████    ▏ 5.7 GB/7.0 GB  127 MB/s      9s[K[?25h[?2026l[?2026h[?25l[A[1Gpulling manifest [K
pulling faff1a63667f:  82% ▕██████████████    ▏ 5.7 GB/7.0 GB  127 MB/s      9s[K[?25h[?2026l[?2026h[?25l[A[1Gpulling manifest [K
pulling faff1a63667f:  82% ▕██████████████    ▏ 5.7 GB/7.0 GB  123 MB/s      9s[K[?25h[?2026l[?2026h[?25l[A[1Gpulling manifest [K
pulling faff1a63667f:  82% ▕██████████████    ▏ 5.8 GB/7.0 GB  123 MB/s      9s[K[?25h[?2026l[?2026h[?25l[A[1Gpulling manifest [K
pulling faff1a63667f:  83% ▕██████████████    ▏ 5.8 GB/7.0 GB  123 MB/s      9s[K[?25h[?2026l[?2026h[?25l[A[1Gpulling manifest [K
pulling faff1a63667f:  83% ▕██████████████    ▏ 5.8 GB/7.0 GB  123 MB/s      9s[K[?25h[?2026l[?2026h[?25l[A[1Gpulling manifest [K
pulling faff1a63667f:  83% ▕██████████████    ▏ 5.8 GB/7.0 GB  123 MB/s      9s[K[?25h[?2026l[?2026h[?25l[A[1Gpulling manifest [K
pulling faff1a63667f:  83% ▕██████████████    ▏ 5.8 GB/7.0 GB  123 MB/s      9s[K[?25h[?2026l[?2026h[?25l[A[1Gpulling manifest [K
pulling faff1a63667f:  83% ▕██████████████    ▏ 5.8 GB/7.0 GB  123 MB/s      9s[K[?25h[?2026l[?2026h[?25l[A[1Gpulling manifest [K
pulling faff1a63667f:  83% ▕██████████████    ▏ 5.8 GB/7.0 GB  123 MB/s      9s[K[?25h[?2026l[?2026h[?25l[A[1Gpulling manifest [K
pulling faff1a63667f:  83% ▕██████████████    ▏ 5.8 GB/7.0 GB  123 MB/s      9s[K[?25h[?2026l[?2026h[?25l[A[1Gpulling manifest [K
pulling faff1a63667f:  83% ▕███████████████   ▏ 5.8 GB/7.0 GB  123 MB/s      9s[K[?25h[?2026l[?2026h[?25l[A[1Gpulling manifest [K
pulling faff1a63667f:  84% ▕███████████████   ▏ 5.8 GB/7.0 GB  118 MB/s      9s[K[?25h[?2026l[?2026h[?25l[A[1Gpulling manifest [K
pulling faff1a63667f:  84% ▕███████████████   ▏ 5.8 GB/7.0 GB  118 MB/s      9s[K[?25h[?2026l[?2026h[?25l[A[1Gpulling manifest [K
pulling faff1a63667f:  84% ▕███████████████   ▏ 5.8 GB/7.0 GB  118 MB/s      9s[K[?25h[?2026l[?2026h[?25l[A[1Gpulling manifest [K
pulling faff1a63667f:  84% ▕███████████████   ▏ 5.9 GB/7.0 GB  118 MB/s      9s[K[?25h[?2026l[?2026h[?25l[A[1Gpulling manifest [K
pulling faff1a63667f:  84% ▕███████████████   ▏ 5.9 GB/7.0 GB  118 MB/s      9s[K[?25h[?2026l[?2026h[?25l[A[1Gpulling manifest [K
pulling faff1a63667f:  84% ▕███████████████   ▏ 5.9 GB/7.0 GB  118 MB/s      9s[K[?25h[?2026l[?2026h[?25l[A[1Gpulling manifest [K
pulling faff1a63667f:  84% ▕███████████████   ▏ 5.9 GB/7.0 GB  118 MB/s      9s[K[?25h[?2026l[?2026h[?25l[A[1Gpulling manifest [K
pulling faff1a63667f:  84% ▕███████████████   ▏ 5.9 GB/7.0 GB  118 MB/s      9s[K[?25h[?2026l[?2026h[?25l[A[1Gpulling manifest [K
pulling faff1a63667f:  84% ▕███████████████   ▏ 5.9 GB/7.0 GB  118 MB/s      9s[K[?25h[?2026l[?2026h[?25l[A[1Gpulling manifest [K
pulling faff1a63667f:  85% ▕███████████████   ▏ 5.9 GB/7.0 GB  118 MB/s      9s[K[?25h[?2026l[?2026h[?25l[A[1Gpulling manifest [K
pulling faff1a63667f:  85% ▕███████████████   ▏ 5.9 GB/7.0 GB  113 MB/s      9s[K[?25h[?2026l[?2026h[?25l[A[1Gpulling manifest [K
pulling faff1a63667f:  85% ▕███████████████   ▏ 5.9 GB/7.0 GB  113 MB/s      9s[K[?25h[?2026l[?2026h[?25l[A[1Gpulling manifest [K
pulling faff1a63667f:  85% ▕███████████████   ▏ 5.9 GB/7.0 GB  113 MB/s      9s[K[?25h[?2026l[?2026h[?25l[A[1Gpulling manifest [K
pulling faff1a63667f:  85% ▕███████████████   ▏ 5.9 GB/7.0 GB  113 MB/s      9s[K[?25h[?2026l[?2026h[?25l[A[1Gpulling manifest [K
pulling faff1a63667f:  85% ▕███████████████   ▏ 5.9 GB/7.0 GB  113 MB/s      9s[K[?25h[?2026l[?2026h[?25l[A[1Gpulling manifest [K
pulling faff1a63667f:  85% ▕███████████████   ▏ 6.0 GB/7.0 GB  113 MB/s      8s[K[?25h[?2026l[?2026h[?25l[A[1Gpulling manifest [K
pulling faff1a63667f:  86% ▕███████████████   ▏ 6.0 GB/7.0 GB  113 MB/s      8s[K[?25h[?2026l[?2026h[?25l[A[1Gpulling manifest [K
pulling faff1a63667f:  86% ▕███████████████   ▏ 6.0 GB/7.0 GB  113 MB/s      8s[K[?25h[?2026l[?2026h[?25l[A[1Gpulling manifest [K
pulling faff1a63667f:  86% ▕███████████████   ▏ 6.0 GB/7.0 GB  113 MB/s      8s[K[?25h[?2026l[?2026h[?25l[A[1Gpulling manifest [K
pulling faff1a63667f:  86% ▕███████████████   ▏ 6.0 GB/7.0 GB  113 MB/s      8s[K[?25h[?2026l[?2026h[?25l[A[1Gpulling manifest [K
pulling faff1a63667f:  86% ▕███████████████   ▏ 6.0 GB/7.0 GB  113 MB/s      8s[K[?25h[?2026l[?2026h[?25l[A[1Gpulling manifest [K
pulling faff1a63667f:  86% ▕███████████████   ▏ 6.0 GB/7.0 GB  109 MB/s      8s[K[?25h[?2026l[?2026h[?25l[A[1Gpulling manifest [K
pulling faff1a63667f:  86% ▕███████████████   ▏ 6.0 GB/7.0 GB  109 MB/s      8s[K[?25h[?2026l[?2026h[?25l[A[1Gpulling manifest [K
pulling faff1a63667f:  86% ▕███████████████   ▏ 6.0 GB/7.0 GB  109 MB/s      8s[K[?25h[?2026l[?2026h[?25l[A[1Gpulling manifest [K
pulling faff1a63667f:  87% ▕███████████████   ▏ 6.0 GB/7.0 GB  109 MB/s      8s[K[?25h[?2026l[?2026h[?25l[A[1Gpulling manifest [K
pulling faff1a63667f:  87% ▕███████████████   ▏ 6.0 GB/7.0 GB  109 MB/s      8s[K[?25h[?2026l[?2026h[?25l[A[1Gpulling manifest [K
pulling faff1a63667f:  87% ▕███████████████   ▏ 6.1 GB/7.0 GB  109 MB/s      8s[K[?25h[?2026l[?2026h[?25l[A[1Gpulling manifest [K
pulling faff1a63667f:  87% ▕███████████████   ▏ 6.1 GB/7.0 GB  109 MB/s      8s[K[?25h[?2026l[?2026h[?25l[A[1Gpulling manifest [K
pulling faff1a63667f:  87% ▕███████████████   ▏ 6.1 GB/7.0 GB  109 MB/s      8s[K[?25h[?2026l[?2026h[?25l[A[1Gpulling manifest [K
pulling faff1a63667f:  87% ▕███████████████   ▏ 6.1 GB/7.0 GB  109 MB/s      8s[K[?25h[?2026l[?2026h[?25l[A[1Gpulling manifest [K
pulling faff1a63667f:  87% ▕███████████████   ▏ 6.1 GB/7.0 GB  109 MB/s      8s[K[?25h[?2026l[?2026h[?25l[A[1Gpulling manifest [K
pulling faff1a63667f:  87% ▕███████████████   ▏ 6.1 GB/7.0 GB  105 MB/s      8s[K[?25h[?2026l[?2026h[?25l[A[1Gpulling manifest [K
pulling faff1a63667f:  88% ▕███████████████   ▏ 6.1 GB/7.0 GB  105 MB/s      8s[K[?25h[?2026l[?2026h[?25l[A[1Gpulling manifest [K
pulling faff1a63667f:  88% ▕███████████████   ▏ 6.1 GB/7.0 GB  105 MB/s      8s[K[?25h[?2026l[?2026h[?25l[A[1Gpulling manifest [K
pulling faff1a63667f:  88% ▕███████████████   ▏ 6.1 GB/7.0 GB  105 MB/s      8s[K[?25h[?2026l[?2026h[?25l[A[1Gpulling manifest [K
pulling faff1a63667f:  88% ▕███████████████   ▏ 6.1 GB/7.0 GB  105 MB/s      8s[K[?25h[?2026l[?2026h[?25l[A[1Gpulling manifest [K
pulling faff1a63667f:  88% ▕███████████████   ▏ 6.1 GB/7.0 GB  105 MB/s      7s[K[?25h[?2026l[?2026h[?25l[A[1Gpulling manifest [K
pulling faff1a63667f:  88% ▕███████████████   ▏ 6.2 GB/7.0 GB  105 MB/s      7s[K[?25h[?2026l[?2026h[?25l[A[1Gpulling manifest [K
pulling faff1a63667f:  88% ▕███████████████   ▏ 6.2 GB/7.0 GB  105 MB/s      7s[K[?25h[?2026l[?2026h[?25l[A[1Gpulling manifest [K
pulling faff1a63667f:  88% ▕███████████████   ▏ 6.2 GB/7.0 GB  105 MB/s      7s[K[?25h[?2026l[?2026h[?25l[A[1Gpulling manifest [K
pulling faff1a63667f:  89% ▕███████████████   ▏ 6.2 GB/7.0 GB  105 MB/s      7s[K[?25h[?2026l[?2026h[?25l[A[1Gpulling manifest [K
pulling faff1a63667f:  89% ▕███████████████   ▏ 6.2 GB/7.0 GB  101 MB/s      7s[K[?25h[?2026l[?2026h[?25l[A[1Gpulling manifest [K
pulling faff1a63667f:  89% ▕███████████████   ▏ 6.2 GB/7.0 GB  101 MB/s      7s[K[?25h[?2026l[?2026h[?25l[A[1Gpulling manifest [K
pulling faff1a63667f:  89% ▕████████████████  ▏ 6.2 GB/7.0 GB  101 MB/s      7s[K[?25h[?2026l[?2026h[?25l[A[1Gpulling manifest [K
pulling faff1a63667f:  89% ▕████████████████  ▏ 6.2 GB/7.0 GB  101 MB/s      7s[K[?25h[?2026l[?2026h[?25l[A[1Gpulling manifest [K
pulling faff1a63667f:  89% ▕████████████████  ▏ 6.2 GB/7.0 GB  101 MB/s      7s[K[?25h[?2026l[?2026h[?25l[A[1Gpulling manifest [K
pulling faff1a63667f:  89% ▕████████████████  ▏ 6.2 GB/7.0 GB  101 MB/s      7s[K[?25h[?2026l[?2026h[?25l[A[1Gpulling manifest [K
pulling faff1a63667f:  89% ▕████████████████  ▏ 6.2 GB/7.0 GB  101 MB/s      7s[K[?25h[?2026l[?2026h[?25l[A[1Gpulling manifest [K
pulling faff1a63667f:  90% ▕████████████████  ▏ 6.3 GB/7.0 GB  101 MB/s      7s[K[?25h[?2026l[?2026h[?25l[A[1Gpulling manifest [K
pulling faff1a63667f:  90% ▕████████████████  ▏ 6.3 GB/7.0 GB  101 MB/s      7s[K[?25h[?2026l[?2026h[?25l[A[1Gpulling manifest [K
pulling faff1a63667f:  90% ▕████████████████  ▏ 6.3 GB/7.0 GB  101 MB/s      6s[K[?25h[?2026l[?2026h[?25l[A[1Gpulling manifest [K
pulling faff1a63667f:  90% ▕████████████████  ▏ 6.3 GB/7.0 GB   97 MB/s      7s[K[?25h[?2026l[?2026h[?25l[A[1Gpulling manifest [K
pulling faff1a63667f:  90% ▕████████████████  ▏ 6.3 GB/7.0 GB   97 MB/s      7s[K[?25h[?2026l[?2026h[?25l[A[1Gpulling manifest [K
pulling faff1a63667f:  90% ▕████████████████  ▏ 6.3 GB/7.0 GB   97 MB/s      7s[K[?25h[?2026l[?2026h[?25l[A[1Gpulling manifest [K
pulling faff1a63667f:  90% ▕████████████████  ▏ 6.3 GB/7.0 GB   97 MB/s      6s[K[?25h[?2026l[?2026h[?25l[A[1Gpulling manifest [K
pulling faff1a63667f:  91% ▕████████████████  ▏ 6.3 GB/7.0 GB   97 MB/s      6s[K[?25h[?2026l[?2026h[?25l[A[1Gpulling manifest [K
pulling faff1a63667f:  91% ▕████████████████  ▏ 6.3 GB/7.0 GB   97 MB/s      6s[K[?25h[?2026l[?2026h[?25l[A[1Gpulling manifest [K
pulling faff1a63667f:  91% ▕████████████████  ▏ 6.3 GB/7.0 GB   97 MB/s      6s[K[?25h[?2026l[?2026h[?25l[A[1Gpulling manifest [K
pulling faff1a63667f:  91% ▕████████████████  ▏ 6.3 GB/7.0 GB   97 MB/s      6s[K[?25h[?2026l[?2026h[?25l[A[1Gpulling manifest [K
pulling faff1a63667f:  91% ▕████████████████  ▏ 6.3 GB/7.0 GB   97 MB/s      6s[K[?25h[?2026l[?2026h[?25l[A[1Gpulling manifest [K
pulling faff1a63667f:  91% ▕████████████████  ▏ 6.4 GB/7.0 GB   97 MB/s      6s[K[?25h[?2026l[?2026h[?25l[A[1Gpulling manifest [K
pulling faff1a63667f:  91% ▕████████████████  ▏ 6.4 GB/7.0 GB   92 MB/s      6s[K[?25h[?2026l[?2026h[?25l[A[1Gpulling manifest [K
pulling faff1a63667f:  91% ▕████████████████  ▏ 6.4 GB/7.0 GB   92 MB/s      6s[K[?25h[?2026l[?2026h[?25l[A[1Gpulling manifest [K
pulling faff1a63667f:  91% ▕████████████████  ▏ 6.4 GB/7.0 GB   92 MB/s      6s[K[?25h[?2026l[?2026h[?25l[A[1Gpulling manifest [K
pulling faff1a63667f:  92% ▕████████████████  ▏ 6.4 GB/7.0 GB   92 MB/s      6s[K[?25h[?2026l[?2026h[?25l[A[1Gpulling manifest [K
pulling faff1a63667f:  92% ▕████████████████  ▏ 6.4 GB/7.0 GB   92 MB/s      6s[K[?25h[?2026l[?2026h[?25l[A[1Gpulling manifest [K
pulling faff1a63667f:  92% ▕████████████████  ▏ 6.4 GB/7.0 GB   92 MB/s      6s[K[?25h[?2026l[?2026h[?25l[A[1Gpulling manifest [K
pulling faff1a63667f:  92% ▕████████████████  ▏ 6.4 GB/7.0 GB   92 MB/s      6s[K[?25h[?2026l[?2026h[?25l[A[1Gpulling manifest [K
pulling faff1a63667f:  92% ▕████████████████  ▏ 6.4 GB/7.0 GB   92 MB/s      6s[K[?25h[?2026l[?2026h[?25l[A[1Gpulling manifest [K
pulling faff1a63667f:  92% ▕████████████████  ▏ 6.4 GB/7.0 GB   92 MB/s      5s[K[?25h[?2026l[?2026h[?25l[A[1Gpulling manifest [K
pulling faff1a63667f:  92% ▕████████████████  ▏ 6.4 GB/7.0 GB   92 MB/s      5s[K[?25h[?2026l[?2026h[?25l[A[1Gpulling manifest [K
pulling faff1a63667f:  92% ▕████████████████  ▏ 6.4 GB/7.0 GB   92 MB/s      5s[K[?25h[?2026l[?2026h[?25l[A[1Gpulling manifest [K
pulling faff1a63667f:  93% ▕████████████████  ▏ 6.5 GB/7.0 GB   88 MB/s      5s[K[?25h[?2026l[?2026h[?25l[A[1Gpulling manifest [K
pulling faff1a63667f:  93% ▕████████████████  ▏ 6.5 GB/7.0 GB   88 MB/s      5s[K[?25h[?2026l[?2026h[?25l[A[1Gpulling manifest [K
pulling faff1a63667f:  93% ▕████████████████  ▏ 6.5 GB/7.0 GB   88 MB/s      5s[K[?25h[?2026l[?2026h[?25l[A[1Gpulling manifest [K
pulling faff1a63667f:  93% ▕████████████████  ▏ 6.5 GB/7.0 GB   88 MB/s      5s[K[?25h[?2026l[?2026h[?25l[A[1Gpulling manifest [K
pulling faff1a63667f:  93% ▕████████████████  ▏ 6.5 GB/7.0 GB   88 MB/s      5s[K[?25h[?2026l[?2026h[?25l[A[1Gpulling manifest [K
pulling faff1a63667f:  93% ▕████████████████  ▏ 6.5 GB/7.0 GB   88 MB/s      5s[K[?25h[?2026l[?2026h[?25l[A[1Gpulling manifest [K
pulling faff1a63667f:  93% ▕████████████████  ▏ 6.5 GB/7.0 GB   88 MB/s      5s[K[?25h[?2026l[?2026h[?25l[A[1Gpulling manifest [K
pulling faff1a63667f:  93% ▕████████████████  ▏ 6.5 GB/7.0 GB   88 MB/s      5s[K[?25h[?2026l[?2026h[?25l[A[1Gpulling manifest [K
pulling faff1a63667f:  94% ▕████████████████  ▏ 6.5 GB/7.0 GB   88 MB/s      5s[K[?25h[?2026l[?2026h[?25l[A[1Gpulling manifest [K
pulling faff1a63667f:  94% ▕████████████████  ▏ 6.5 GB/7.0 GB   88 MB/s      4s[K[?25h[?2026l[?2026h[?25l[A[1Gpulling manifest [K
pulling faff1a63667f:  94% ▕████████████████  ▏ 6.5 GB/7.0 GB   88 MB/s      4s[K[?25h[?2026l[?2026h[?25l[A[1Gpulling manifest [K
pulling faff1a63667f:  94% ▕████████████████  ▏ 6.6 GB/7.0 GB   88 MB/s      4s[K[?25h[?2026l[?2026h[?25l[A[1Gpulling manifest [K
pulling faff1a63667f:  94% ▕████████████████  ▏ 6.6 GB/7.0 GB   88 MB/s      4s[K[?25h[?2026l[?2026h[?25l[A[1Gpulling manifest [K
pulling faff1a63667f:  94% ▕████████████████  ▏ 6.6 GB/7.0 GB   88 MB/s      4s[K[?25h[?2026l[?2026h[?25l[A[1Gpulling manifest [K
pulling faff1a63667f:  94% ▕████████████████  ▏ 6.6 GB/7.0 GB   88 MB/s      4s[K[?25h[?2026l[?2026h[?25l[A[1Gpulling manifest [K
pulling faff1a63667f:  94% ▕█████████████████ ▏ 6.6 GB/7.0 GB   88 MB/s      4s[K[?25h[?2026l[?2026h[?25l[A[1Gpulling manifest [K
pulling faff1a63667f:  95% ▕█████████████████ ▏ 6.6 GB/7.0 GB   88 MB/s      4s[K[?25h[?2026l[?2026h[?25l[A[1Gpulling manifest [K
pulling faff1a63667f:  95% ▕█████████████████ ▏ 6.6 GB/7.0 GB   88 MB/s      4s[K[?25h[?2026l[?2026h[?25l[A[1Gpulling manifest [K
pulling faff1a63667f:  95% ▕█████████████████ ▏ 6.6 GB/7.0 GB   88 MB/s      4s[K[?25h[?2026l[?2026h[?25l[A[1Gpulling manifest [K
pulling faff1a63667f:  95% ▕█████████████████ ▏ 6.6 GB/7.0 GB   88 MB/s      3s[K[?25h[?2026l[?2026h[?25l[A[1Gpulling manifest [K
pulling faff1a63667f:  95% ▕█████████████████ ▏ 6.6 GB/7.0 GB   89 MB/s      3s[K[?25h[?2026l[?2026h[?25l[A[1Gpulling manifest [K
pulling faff1a63667f:  95% ▕█████████████████ ▏ 6.6 GB/7.0 GB   89 MB/s      3s[K[?25h[?2026l[?2026h[?25l[A[1Gpulling manifest [K
pulling faff1a63667f:  95% ▕█████████████████ ▏ 6.7 GB/7.0 GB   89 MB/s      3s[K[?25h[?2026l[?2026h[?25l[A[1Gpulling manifest [K
pulling faff1a63667f:  95% ▕█████████████████ ▏ 6.7 GB/7.0 GB   89 MB/s      3s[K[?25h[?2026l[?2026h[?25l[A[1Gpulling manifest [K
pulling faff1a63667f:  96% ▕█████████████████ ▏ 6.7 GB/7.0 GB   89 MB/s      3s[K[?25h[?2026l[?2026h[?25l[A[1Gpulling manifest [K
pulling faff1a63667f:  96% ▕█████████████████ ▏ 6.7 GB/7.0 GB   89 MB/s      3s[K[?25h[?2026l[?2026h[?25l[A[1Gpulling manifest [K
pulling faff1a63667f:  96% ▕█████████████████ ▏ 6.7 GB/7.0 GB   89 MB/s      3s[K[?25h[?2026l[?2026h[?25l[A[1Gpulling manifest [K
pulling faff1a63667f:  96% ▕█████████████████ ▏ 6.7 GB/7.0 GB   89 MB/s      3s[K[?25h[?2026l[?2026h[?25l[A[1Gpulling manifest [K
pulling faff1a63667f:  96% ▕█████████████████ ▏ 6.7 GB/7.0 GB   89 MB/s      3s[K[?25h[?2026l[?2026h[?25l[A[1Gpulling manifest [K
pulling faff1a63667f:  96% ▕█████████████████ ▏ 6.7 GB/7.0 GB   89 MB/s      3s[K[?25h[?2026l[?2026h[?25l[A[1Gpulling manifest [K
pulling faff1a63667f:  96% ▕█████████████████ ▏ 6.7 GB/7.0 GB   88 MB/s      3s[K[?25h[?2026l[?2026h[?25l[A[1Gpulling manifest [K
pulling faff1a63667f:  96% ▕█████████████████ ▏ 6.7 GB/7.0 GB   88 MB/s      2s[K[?25h[?2026l[?2026h[?25l[A[1Gpulling manifest [K
pulling faff1a63667f:  96% ▕█████████████████ ▏ 6.7 GB/7.0 GB   88 MB/s      2s[K[?25h[?2026l[?2026h[?25l[A[1Gpulling manifest [K
pulling faff1a63667f:  96% ▕█████████████████ ▏ 6.7 GB/7.0 GB   88 MB/s      2s[K[?25h[?2026l[?2026h[?25l[A[1Gpulling manifest [K
pulling faff1a63667f:  97% ▕█████████████████ ▏ 6.7 GB/7.0 GB   88 MB/s      2s[K[?25h[?2026l[?2026h[?25l[A[1Gpulling manifest [K
pulling faff1a63667f:  97% ▕█████████████████ ▏ 6.7 GB/7.0 GB   88 MB/s      2s[K[?25h[?2026l[?2026h[?25l[A[1Gpulling manifest [K
pulling faff1a63667f:  97% ▕█████████████████ ▏ 6.8 GB/7.0 GB   88 MB/s      2s[K[?25h[?2026l[?2026h[?25l[A[1Gpulling manifest [K
pulling faff1a63667f:  97% ▕█████████████████ ▏ 6.8 GB/7.0 GB   88 MB/s      2s[K[?25h[?2026l[?2026h[?25l[A[1Gpulling manifest [K
pulling faff1a63667f:  97% ▕█████████████████ ▏ 6.8 GB/7.0 GB   88 MB/s      2s[K[?25h[?2026l[?2026h[?25l[A[1Gpulling manifest [K
pulling faff1a63667f:  97% ▕█████████████████ ▏ 6.8 GB/7.0 GB   88 MB/s      2s[K[?25h[?2026l[?2026h[?25l[A[1Gpulling manifest [K
pulling faff1a63667f:  97% ▕█████████████████ ▏ 6.8 GB/7.0 GB   86 MB/s      2s[K[?25h[?2026l[?2026h[?25l[A[1Gpulling manifest [K
pulling faff1a63667f:  97% ▕█████████████████ ▏ 6.8 GB/7.0 GB   86 MB/s      2s[K[?25h[?2026l[?2026h[?25l[A[1Gpulling manifest [K
pulling faff1a63667f:  97% ▕█████████████████ ▏ 6.8 GB/7.0 GB   86 MB/s      2s[K[?25h[?2026l[?2026h[?25l[A[1Gpulling manifest [K
pulling faff1a63667f:  97% ▕█████████████████ ▏ 6.8 GB/7.0 GB   86 MB/s      2s[K[?25h[?2026l[?2026h[?25l[A[1Gpulling manifest [K
pulling faff1a63667f:  97% ▕█████████████████ ▏ 6.8 GB/7.0 GB   86 MB/s      2s[K[?25h[?2026l[?2026h[?25l[A[1Gpulling manifest [K
pulling faff1a63667f:  98% ▕█████████████████ ▏ 6.8 GB/7.0 GB   86 MB/s      1s[K[?25h[?2026l[?2026h[?25l[A[1Gpulling manifest [K
pulling faff1a63667f:  98% ▕█████████████████ ▏ 6.8 GB/7.0 GB   86 MB/s      1s[K[?25h[?2026l[?2026h[?25l[A[1Gpulling manifest [K
pulling faff1a63667f:  98% ▕█████████████████ ▏ 6.8 GB/7.0 GB   86 MB/s      1s[K[?25h[?2026l[?2026h[?25l[A[1Gpulling manifest [K
pulling faff1a63667f:  98% ▕█████████████████ ▏ 6.8 GB/7.0 GB   86 MB/s      1s[K[?25h[?2026l[?2026h[?25l[A[1Gpulling manifest [K
pulling faff1a63667f:  98% ▕█████████████████ ▏ 6.8 GB/7.0 GB   86 MB/s      1s[K[?25h[?2026l[?2026h[?25l[A[1Gpulling manifest [K
pulling faff1a63667f:  98% ▕█████████████████ ▏ 6.8 GB/7.0 GB   86 MB/s      1s[K[?25h[?2026l[?2026h[?25l[A[1Gpulling manifest [K
pulling faff1a63667f:  98% ▕█████████████████ ▏ 6.8 GB/7.0 GB   83 MB/s      1s[K[?25h[?2026l[?2026h[?25l[A[1Gpulling manifest [K
pulling faff1a63667f:  98% ▕█████████████████ ▏ 6.9 GB/7.0 GB   83 MB/s      1s[K[?25h[?2026l[?2026h[?25l[A[1Gpulling manifest [K
pulling faff1a63667f:  98% ▕█████████████████ ▏ 6.9 GB/7.0 GB   83 MB/s      1s[K[?25h[?2026l[?2026h[?25l[A[1Gpulling manifest [K
pulling faff1a63667f:  98% ▕█████████████████ ▏ 6.9 GB/7.0 GB   83 MB/s      1s[K[?25h[?2026l[?2026h[?25l[A[1Gpulling manifest [K
pulling faff1a63667f:  98% ▕█████████████████ ▏ 6.9 GB/7.0 GB   83 MB/s      1s[K[?25h[?2026l[?2026h[?25l[A[1Gpulling manifest [K
pulling faff1a63667f:  98% ▕█████████████████ ▏ 6.9 GB/7.0 GB   83 MB/s      1s[K[?25h[?2026l[?2026h[?25l[A[1Gpulling manifest [K
pulling faff1a63667f:  99% ▕█████████████████ ▏ 6.9 GB/7.0 GB   83 MB/s      1s[K[?25h[?2026l[?2026h[?25l[A[1Gpulling manifest [K
pulling faff1a63667f:  99% ▕█████████████████ ▏ 6.9 GB/7.0 GB   83 MB/s      1s[K[?25h[?2026l[?2026h[?25l[A[1Gpulling manifest [K
pulling faff1a63667f:  99% ▕█████████████████ ▏ 6.9 GB/7.0 GB   83 MB/s      1s[K[?25h[?2026l[?2026h[?25l[A[1Gpulling manifest [K
pulling faff1a63667f:  99% ▕█████████████████ ▏ 6.9 GB/7.0 GB   83 MB/s      1s[K[?25h[?2026l[?2026h[?25l[A[1Gpulling manifest [K
pulling faff1a63667f:  99% ▕█████████████████ ▏ 6.9 GB/7.0 GB   78 MB/s      0s[K[?25h[?2026l[?2026h[?25l[A[1Gpulling manifest [K
pulling faff1a63667f:  99% ▕█████████████████ ▏ 6.9 GB/7.0 GB   78 MB/s      0s[K[?25h[?2026l[?2026h[?25l[A[1Gpulling manifest [K
pulling faff1a63667f:  99% ▕█████████████████ ▏ 6.9 GB/7.0 GB   78 MB/s      0s[K[?25h[?2026l[?2026h[?25l[A[1Gpulling manifest [K
pulling faff1a63667f:  99% ▕█████████████████ ▏ 6.9 GB/7.0 GB   78 MB/s      0s[K[?25h[?2026l[?2026h[?25l[A[1Gpulling manifest [K
pulling faff1a63667f:  99% ▕█████████████████ ▏ 6.9 GB/7.0 GB   78 MB/s      0s[K[?25h[?2026l[?2026h[?25l[A[1Gpulling manifest [K
pulling faff1a63667f:  99% ▕█████████████████ ▏ 6.9 GB/7.0 GB   78 MB/s      0s[K[?25h[?2026l[?2026h[?25l[A[1Gpulling manifest [K
pulling faff1a63667f:  99% ▕█████████████████ ▏ 6.9 GB/7.0 GB   78 MB/s      0s[K[?25h[?2026l[?2026h[?25l[A[1Gpulling manifest [K
pulling faff1a63667f:  99% ▕█████████████████ ▏ 6.9 GB/7.0 GB   78 MB/s      0s[K[?25h[?2026l[?2026h[?25l[A[1Gpulling manifest [K
pulling faff1a63667f:  99% ▕█████████████████ ▏ 6.9 GB/7.0 GB   78 MB/s      0s[K[?25h[?2026l[?2026h[?25l[A[1Gpulling manifest [K
pulling faff1a63667f:  99% ▕█████████████████ ▏ 6.9 GB/7.0 GB   78 MB/s      0s[K[?25h[?2026l[?2026h[?25l[A[1Gpulling manifest [K
pulling faff1a63667f:  99% ▕█████████████████ ▏ 6.9 GB/7.0 GB   71 MB/s      0s[K[?25h[?2026l[?2026h[?25l[A[1Gpulling manifest [K
pulling faff1a63667f:  99% ▕█████████████████ ▏ 6.9 GB/7.0 GB   71 MB/s      0s[K[?25h[?2026l[?2026h[?25l[A[1Gpulling manifest [K
pulling faff1a63667f:  99% ▕█████████████████ ▏ 6.9 GB/7.0 GB   71 MB/s      0s[K[?25h[?2026l[?2026h[?25l[A[1Gpulling manifest [K
pulling faff1a63667f:  99% ▕█████████████████ ▏ 6.9 GB/7.0 GB   71 MB/s      0s[K[?25h[?2026l[?2026h[?25l[A[1Gpulling manifest [K
pulling faff1a63667f:  99% ▕█████████████████ ▏ 6.9 GB/7.0 GB   71 MB/s      0s[K[?25h[?2026l[?2026h[?25l[A[1Gpulling manifest [K
pulling faff1a63667f:  99% ▕█████████████████ ▏ 6.9 GB/7.0 GB   71 MB/s      0s[K[?25h[?2026l[?2026h[?25l[A[1Gpulling manifest [K
pulling faff1a63667f:  99% ▕█████████████████ ▏ 6.9 GB/7.0 GB   71 MB/s      0s[K[?25h[?2026l[?2026h[?25l[A[1Gpulling manifest [K
pulling faff1a63667f:  99% ▕█████████████████ ▏ 6.9 GB/7.0 GB   71 MB/s      0s[K[?25h[?2026l[?2026h[?25l[A[1Gpulling manifest [K
pulling faff1a63667f:  99% ▕█████████████████ ▏ 6.9 GB/7.0 GB   71 MB/s      0s[K[?25h[?2026l[?2026h[?25l[A[1Gpulling manifest [K
pulling faff1a63667f:  99% ▕█████████████████ ▏ 6.9 GB/7.0 GB   71 MB/s      0s[K[?25h[?2026l[?2026h[?25l[A[1Gpulling manifest [K
pulling faff1a63667f:  99% ▕█████████████████ ▏ 6.9 GB/7.0 GB   63 MB/s      0s[K[?25h[?2026l[?2026h[?25l[A[1Gpulling manifest [K
pulling faff1a63667f:  99% ▕█████████████████ ▏ 6.9 GB/7.0 GB   63 MB/s      0s[K[?25h[?2026l[?2026h[?25l[A[1Gpulling manifest [K
pulling faff1a63667f: 100% ▕█████████████████ ▏ 6.9 GB/7.0 GB   63 MB/s      0s[K[?25h[?2026l[?2026h[?25l[A[1Gpulling manifest [K
pulling faff1a63667f: 100% ▕█████████████████ ▏ 6.9 GB/7.0 GB   63 MB/s      0s[K[?25h[?2026l[?2026h[?25l[A[1Gpulling manifest [K
pulling faff1a63667f: 100% ▕█████████████████ ▏ 6.9 GB/7.0 GB   63 MB/s      0s[K[?25h[?2026l[?2026h[?25l[A[1Gpulling manifest [K
pulling faff1a63667f: 100% ▕█████████████████ ▏ 6.9 GB/7.0 GB   63 MB/s      0s[K[?25h[?2026l[?2026h[?25l[A[1Gpulling manifest [K
pulling faff1a63667f: 100% ▕█████████████████ ▏ 6.9 GB/7.0 GB   63 MB/s      0s[K[?25h[?2026l[?2026h[?25l[A[1Gpulling manifest [K
pulling faff1a63667f: 100% ▕█████████████████ ▏ 7.0 GB/7.0 GB   63 MB/s      0s[K[?25h[?2026l[?2026h[?25l[A[1Gpulling manifest [K
pulling faff1a63667f: 100% ▕█████████████████ ▏ 7.0 GB/7.0 GB   63 MB/s      0s[K[?25h[?2026l[?2026h[?25l[A[1Gpulling manifest [K
pulling faff1a63667f: 100% ▕█████████████████ ▏ 7.0 GB/7.0 GB   63 MB/s      0s[K[?25h[?2026l[?2026h[?25l[A[1Gpulling manifest [K
pulling faff1a63667f: 100% ▕█████████████████ ▏ 7.0 GB/7.0 GB   55 MB/s      0s[K[?25h[?2026l[?2026h[?25l[A[1Gpulling manifest [K
pulling faff1a63667f: 100% ▕█████████████████ ▏ 7.0 GB/7.0 GB   55 MB/s      0s[K[?25h[?2026l[?2026h[?25l[A[1Gpulling manifest [K
pulling faff1a63667f: 100% ▕█████████████████ ▏ 7.0 GB/7.0 GB   55 MB/s      0s[K[?25h[?2026l[?2026h[?25l[A[1Gpulling manifest [K
pulling faff1a63667f: 100% ▕█████████████████ ▏ 7.0 GB/7.0 GB   55 MB/s      0s[K[?25h[?2026l[?2026h[?25l[A[1Gpulling manifest [K
pulling faff1a63667f: 100% ▕█████████████████ ▏ 7.0 GB/7.0 GB   55 MB/s      0s[K[?25h[?2026l[?2026h[?25l[A[1Gpulling manifest [K
pulling faff1a63667f: 100% ▕█████████████████ ▏ 7.0 GB/7.0 GB   55 MB/s      0s[K[?25h[?2026l[?2026h[?25l[A[1Gpulling manifest [K
pulling faff1a63667f: 100% ▕█████████████████ ▏ 7.0 GB/7.0 GB   55 MB/s      0s[K[?25h[?2026l[?2026h[?25l[A[1Gpulling manifest [K
pulling faff1a63667f: 100% ▕█████████████████ ▏ 7.0 GB/7.0 GB   55 MB/s      0s[K[?25h[?2026l[?2026h[?25l[A[1Gpulling manifest [K
pulling faff1a63667f: 100% ▕█████████████████ ▏ 7.0 GB/7.0 GB   55 MB/s      0s[K[?25h[?2026l[?2026h[?25l[A[1Gpulling manifest [K
pulling faff1a63667f: 100% ▕█████████████████ ▏ 7.0 GB/7.0 GB   55 MB/s      0s[K[?25h[?2026l[?2026h[?25l[A[1Gpulling manifest [K
pulling faff1a63667f: 100% ▕█████████████████ ▏ 7.0 GB/7.0 GB   55 MB/s      0s[K[?25h[?2026l[?2026h[?25l[A[1Gpulling manifest [K
pulling faff1a63667f: 100% ▕██████████████████▏ 7.0 GB                         [K[?25h[?2026l[?2026h[?25l[A[1Gpulling manifest [K
pulling faff1a63667f: 100% ▕██████████████████▏ 7.0 GB                         [K[?25h[?2026l[?2026h[?25l[A[1Gpulling manifest [K
pulling faff1a63667f: 100% ▕██████████████████▏ 7.0 GB                         [K[?25h[?2026l[?2026h[?25l[A[1Gpulling manifest [K
pulling faff1a63667f: 100% ▕██████████████████▏ 7.0 GB                         [K[?25h[?2026l[?2026h[?25l[A[1Gpulling manifest [K
pulling faff1a63667f: 100% ▕██████████████████▏ 7.0 GB                         [K[?25h[?2026l